date,sentiment
2012-01-28,-0.045807
2012-01-29,-0.040108
2012-01-30,-0.047296
2012-01-31,-0.023019
2012-02-01,-0.00914
2012-02-02,-0.032694
2012-02-03,-0.007191
2012-02-04,-0.012297
2012-02-05,-0.048385
2012-02-06,-0.011224
2012-02-07,-0.018176
2012-02-08,-0.022373
2012-02-09,-0.012041
2012-02-10,-0.023821
2012-02-11,-0.087353
2012-02-12,-0.018605
2012-02-13,-0.014203
2012-02-14,-0.015825
2012-02-15,-0.028121
2012-02-16,-0.06404
2012-02-17,-0.017137
2012-02-18,-0.064309
2012-02-19,-0.075505
2012-02-20,-0.098303
2012-02-21,-0.010857
2012-02-22,0.00251
2012-02-23,-0.028024
2012-02-24,-0.001843
2012-02-25,-0.054912
2012-02-26,-0.037313
2012-02-27,-0.073862
2012-02-28,-0.027868
2012-02-29,-0.020732
2012-03-01,-0.016683
2012-03-02,-0.044621
2012-03-03,-0.071808
2012-03-04,-0.092296
2012-03-05,-0.043132
2012-03-06,-0.054595
2012-03-07,-0.013692
2012-03-08,-0.002226
2012-03-09,-0.009519
2012-03-10,-0.076821
2012-03-11,-0.062485
2012-03-12,-0.064532
2012-03-13,-0.035399
2012-03-14,-0.057165
2012-03-15,-0.013961
2012-03-16,-0.0142
2012-03-17,-0.036416
2012-03-18,-0.047045
2012-03-19,-0.009316
2012-03-20,-0.04319
2012-03-21,0.019795
2012-03-22,-0.030038
2012-03-23,-0.07044
2012-03-24,-0.08104
2012-03-25,-0.091764
2012-03-26,-0.047453
2012-03-27,-0.077285
2012-03-28,-0.040168
2012-03-29,-0.042766
2012-03-30,0.012202
2012-03-31,-0.147432
2012-04-01,-0.022749
2012-04-02,-0.038553
2012-04-03,0.016149
2012-04-04,-0.041905
2012-04-05,0.01011
2012-04-06,-0.004334
2012-04-07,-0.086875
2012-04-08,-0.018493
2012-04-09,0.013171
2012-04-10,-0.043252
2012-04-11,0.003413
2012-04-12,-0.034342
2012-04-13,-0.00083
2012-04-14,-0.059753
2012-04-15,-0.05602
2012-04-16,0.021884
2012-04-17,-0.049996
2012-04-18,0.007464
2012-04-19,-0.032561
2012-04-20,-0.002488
2012-04-21,-0.002747
2012-04-22,0.01658
2012-04-23,-0.022874
2012-04-24,-0.047235
2012-04-25,-0.042529
2012-04-26,-0.044578
2012-04-27,-0.036324
2012-04-28,-0.048975
2012-04-29,-0.009009
2012-04-30,-0.055373
2012-05-01,-0.023257
2012-05-02,-0.021681
2012-05-03,0.000372
2012-05-04,-0.048212
2012-05-05,-0.075915
2012-05-06,-0.079042
2012-05-07,-0.010312
2012-05-08,-0.025131
2012-05-09,-0.048914
2012-05-10,-0.026033
2012-05-11,0.005542
2012-05-12,-0.017438
2012-05-13,-0.014674
2012-05-14,-0.053426
2012-05-15,-0.056988
2012-05-16,-0.006466
2012-05-17,-0.027171
2012-05-18,-0.040803
2012-05-19,-0.064767
2012-05-20,-0.05903
2012-05-21,0.017122
2012-05-22,-0.042761
2012-05-23,-0.0306
2012-05-24,-0.018613
2012-05-25,-0.028757
2012-05-26,-0.021822
2012-05-27,-0.021293
2012-05-28,-0.153204
2012-05-29,0.002732
2012-05-30,-0.017819
2012-05-31,-0.057398
2012-06-01,-0.029377
2012-06-02,-0.059698
2012-06-03,-0.024974
2012-06-04,-0.078564
2012-06-05,-0.031963
2012-06-06,-0.067239
2012-06-07,-0.039263
2012-06-08,-0.054665
2012-06-09,-0.027542
2012-06-10,-0.013703
2012-06-11,-0.051992
2012-06-12,-0.019376
2012-06-13,-0.074083
2012-06-14,-0.024713
2012-06-15,-0.011892
2012-06-16,-0.0782
2012-06-17,-0.019532
2012-06-18,-0.020405
2012-06-19,-0.032351
2012-06-20,-0.009306
2012-06-21,-0.076777
2012-06-22,-0.034542
2012-06-23,-0.099446
2012-06-24,-0.019417
2012-06-25,-0.012246
2012-06-26,-0.003532
2012-06-27,-0.022788
2012-06-28,0.004867
2012-06-29,-0.047754
2012-06-30,-0.091834
2012-07-01,-0.046819
2012-07-02,-0.009119
2012-07-03,-0.020159
2012-07-04,-0.06401
2012-07-05,-0.070097
2012-07-06,-0.024047
2012-07-07,-0.077806
2012-07-08,-0.048239
2012-07-09,-0.060223
2012-07-10,-0.04787
2012-07-11,-0.031611
2012-07-12,-0.037017
2012-07-13,-0.047444
2012-07-14,0.003092
2012-07-15,-0.092511
2012-07-16,0.00906
2012-07-17,-0.022084
2012-07-18,-0.040949
2012-07-19,-0.010441
2012-07-20,-0.021487
2012-07-21,-0.067109
2012-07-22,-0.099736
2012-07-23,-0.017791
2012-07-24,0.01289
2012-07-25,-0.041958
2012-07-26,-0.072506
2012-07-27,-0.071535
2012-07-28,-0.069739
2012-07-29,-0.026957
2012-07-30,-0.023353
2012-07-31,-0.052556
2012-08-01,-0.037402
2012-08-02,-0.054125
2012-08-03,-0.03205
2012-08-04,-0.026398
2012-08-05,-0.058796
2012-08-06,-0.043617
2012-08-07,-0.012628
2012-08-08,-0.019836
2012-08-09,-0.079583
2012-08-10,-0.043705
2012-08-11,0.003602
2012-08-12,-0.037083
2012-08-13,-0.036059
2012-08-14,0.024765
2012-08-15,-0.030032
2012-08-16,-0.030917
2012-08-17,-0.041085
2012-08-18,-0.048362
2012-08-19,0.003721
2012-08-20,-0.037767
2012-08-21,-0.010917
2012-08-22,-0.053413
2012-08-23,-0.05378
2012-08-24,0.000376
2012-08-25,-0.044417
2012-08-26,-0.03629
2012-08-27,0.000738
2012-08-28,-0.050836
2012-08-29,-0.062228
2012-08-30,0.019129
2012-08-31,-0.06109
2012-09-01,-0.105012
2012-09-02,-0.058822
2012-09-03,-0.051093
2012-09-04,-0.074927
2012-09-05,-0.029606
2012-09-06,-0.000582
2012-09-07,-0.015109
2012-09-08,-0.049966
2012-09-09,-0.039571
2012-09-10,-0.032722
2012-09-11,-0.048149
2012-09-12,-0.019997
2012-09-13,-0.014164
2012-09-14,-0.035724
2012-09-15,0.001001
2012-09-16,-0.030055
2012-09-17,-0.033491
2012-09-18,-0.003442
2012-09-19,-0.021971
2012-09-20,-0.062424
2012-09-21,-0.041302
2012-09-22,-0.013247
2012-09-23,-0.046268
2012-09-24,-0.012284
2012-09-25,-0.015583
2012-09-26,-0.002719
2012-09-27,-0.061358
2012-09-28,-0.038965
2012-09-29,-0.025522
2012-09-30,-0.030985
2012-10-01,-0.016552
2012-10-02,-0.022311
2012-10-03,-0.009007
2012-10-04,0.013846
2012-10-05,-0.011565
2012-10-06,-0.052411
2012-10-07,-0.005051
2012-10-08,-0.031479
2012-10-09,-0.029076
2012-10-10,-0.016085
2012-10-11,-0.043157
2012-10-12,-0.006406
2012-10-13,-0.065682
2012-10-14,-0.090742
2012-10-15,-0.015773
2012-10-16,-0.030311
2012-10-17,-0.068801
2012-10-18,-0.017608
2012-10-19,0.003599
2012-10-20,-0.010002
2012-10-21,-0.057837
2012-10-22,-0.022215
2012-10-23,-0.026598
2012-10-24,-0.040665
2012-10-25,-0.004598
2012-10-26,-0.015391
2012-10-27,-0.079588
2012-10-28,-0.060628
2012-10-29,0.019665
2012-10-30,-0.088182
2012-10-31,-0.011732
2012-11-01,-0.037298
2012-11-02,-0.04098
2012-11-03,-0.094993
2012-11-04,-0.123023
2012-11-05,-0.055661
2012-11-06,-0.023432
2012-11-07,-0.010942
2012-11-08,-0.040999
2012-11-09,-0.002265
2012-11-10,-0.017104
2012-11-11,0.035412
2012-11-12,0.001108
2012-11-13,-0.018696
2012-11-14,-0.020751
2012-11-15,-0.019376
2012-11-16,-0.062627
2012-11-17,-0.102652
2012-11-18,0.033456
2012-11-19,0.001148
2012-11-20,-0.016126
2012-11-21,-0.016838
2012-11-22,-0.020955
2012-11-23,0.007849
2012-11-24,-0.088562
2012-11-25,-0.051752
2012-11-26,-0.012962
2012-11-27,-0.032593
2012-11-28,-0.006911
2012-11-29,-0.036087
2012-11-30,-0.005129
2012-12-01,-0.001366
2012-12-02,-0.073838
2012-12-03,-0.025588
2012-12-04,-0.037144
2012-12-05,-0.030906
2012-12-06,-0.013874
2012-12-07,-0.034466
2012-12-08,-0.036748
2012-12-09,-0.077286
2012-12-10,0.020384
2012-12-11,-0.060953
2012-12-12,-0.017323
2012-12-13,0.021135
2012-12-14,-0.033702
2012-12-15,-0.032517
2012-12-16,-0.013767
2012-12-17,-0.010571
2012-12-18,0.017807
2012-12-19,-0.023102
2012-12-20,-0.014148
2012-12-21,0.013959
2012-12-22,-0.053155
2012-12-23,-0.012411
2012-12-24,-0.038175
2012-12-25,-0.045228
2012-12-26,-0.037054
2012-12-27,0.024835
2012-12-28,0.000299
2012-12-29,-0.062993
2012-12-30,-0.034823
2012-12-31,0.004419
2013-01-01,-0.015042
2013-01-02,0.027834
2013-01-03,0.00805
2013-01-04,-0.015447
2013-01-05,-0.054976
2013-01-06,-0.093691
2013-01-07,-0.025162
2013-01-08,-0.023037
2013-01-09,-0.023265
2013-01-10,0.009643
2013-01-11,-0.073939
2013-01-12,-0.074349
2013-01-13,-0.041879
2013-01-14,-0.002977
2013-01-15,-0.007478
2013-01-16,-0.031327
2013-01-17,-0.033872
2013-01-18,-0.02615
2013-01-19,-0.049891
2013-01-20,-0.037901
2013-01-21,-0.011615
2013-01-22,0.004278
2013-01-23,-0.007584
2013-01-24,-0.026872
2013-01-25,-0.014726
2013-01-26,-0.055066
2013-01-27,-0.035154
2013-01-28,-0.03147
2013-01-29,-0.00027
2013-01-30,-0.009463
2013-01-31,-0.025951
2013-02-01,-0.013212
2013-02-02,-0.065458
2013-02-03,-0.024876
2013-02-04,-0.032643
2013-02-05,-0.033207
2013-02-06,-0.035863
2013-02-07,0.022099
2013-02-08,0.008157
2013-02-09,-0.099428
2013-02-10,0.013727
2013-02-11,-0.015479
2013-02-12,0.022169
2013-02-13,-0.027587
2013-02-14,7e-05
2013-02-15,-0.030542
2013-02-16,-0.002404
2013-02-17,-0.01403
2013-02-18,-0.070057
2013-02-19,0.01272
2013-02-20,-0.042884
2013-02-21,-0.037081
2013-02-22,-0.031471
2013-02-23,-0.09061
2013-02-24,-0.081772
2013-02-25,-0.007496
2013-02-26,0.009615
2013-02-27,-0.006923
2013-02-28,-0.003519
2013-03-01,-0.040115
2013-03-02,-0.058315
2013-03-03,-0.018632
2013-03-04,-0.013378
2013-03-05,-0.013888
2013-03-06,0.012398
2013-03-07,-0.019809
2013-03-08,0.001645
2013-03-09,0.005764
2013-03-10,-0.022996
2013-03-11,-0.022433
2013-03-12,-0.049283
2013-03-13,0.010977
2013-03-14,-0.065793
2013-03-15,-0.004372
2013-03-16,-0.066908
2013-03-17,-0.043504
2013-03-18,-0.020886
2013-03-19,-0.00433
2013-03-20,0.001887
2013-03-21,-0.015734
2013-03-22,-0.013376
2013-03-23,-0.025077
2013-03-24,-0.029301
2013-03-25,0.012765
2013-03-26,-0.030846
2013-03-27,-0.019576
2013-03-28,-0.023531
2013-03-29,0.031582
2013-03-30,-0.028573
2013-03-31,-0.086676
2013-04-01,-0.021746
2013-04-02,0.023017
2013-04-03,-0.005583
2013-04-04,0.024803
2013-04-05,0.000269
2013-04-06,-0.009172
2013-04-07,-0.04922
2013-04-08,-0.04376
2013-04-09,-0.003931
2013-04-10,-0.015206
2013-04-11,-0.013219
2013-04-12,-0.025224
2013-04-13,-0.005352
2013-04-14,0.017389
2013-04-15,-0.045273
2013-04-16,-0.017969
2013-04-17,-0.022814
2013-04-18,0.002947
2013-04-19,0.016677
2013-04-20,-0.078711
2013-04-21,-0.065338
2013-04-22,-0.00328
2013-04-23,-0.003339
2013-04-24,-0.033543
2013-04-25,-0.051593
2013-04-26,-0.041976
2013-04-27,0.014448
2013-04-28,-0.034567
2013-04-29,0.012601
2013-04-30,-0.046724
2013-05-01,-0.019654
2013-05-02,-0.006812
2013-05-03,-0.023908
2013-05-04,-0.026362
2013-05-05,0.00035
2013-05-06,-0.00244
2013-05-07,-0.045688
2013-05-08,-0.050494
2013-05-09,-0.016043
2013-05-10,-0.004123
2013-05-11,-0.044675
2013-05-12,-0.016702
2013-05-13,-0.024296
2013-05-14,-0.011469
2013-05-15,0.023113
2013-05-16,-0.031505
2013-05-17,-0.042628
2013-05-18,-0.055022
2013-05-19,-0.027181
2013-05-20,-0.013626
2013-05-21,-0.004709
2013-05-22,-0.012379
2013-05-23,-0.027958
2013-05-24,0.002165
2013-05-25,-0.03889
2013-05-26,-0.103703
2013-05-27,-0.016219
2013-05-28,-0.039145
2013-05-29,-0.068947
2013-05-30,-0.014752
2013-05-31,-0.054021
2013-06-01,-0.058387
2013-06-02,-0.045357
2013-06-03,-0.051685
2013-06-04,0.000278
2013-06-05,0.002857
2013-06-06,-0.030854
2013-06-07,-0.038307
2013-06-08,-0.042793
2013-06-09,-0.061636
2013-06-10,-0.007491
2013-06-11,-0.026317
2013-06-12,-0.005925
2013-06-13,-0.004052
2013-06-14,-0.036731
2013-06-15,-0.020661
2013-06-16,0.020781
2013-06-17,-0.027523
2013-06-18,-0.00427
2013-06-19,-0.073493
2013-06-20,-0.05146
2013-06-21,0.032433
2013-06-22,-0.044231
2013-06-23,-0.013163
2013-06-24,-0.017846
2013-06-25,-0.023413
2013-06-26,-0.036254
2013-06-27,0.002989
2013-06-28,-0.039362
2013-06-29,-0.041813
2013-06-30,-0.015792
2013-07-01,-0.01792
2013-07-02,0.001171
2013-07-03,-0.022523
2013-07-04,-0.038619
2013-07-05,-0.063227
2013-07-06,-0.034398
2013-07-07,-0.055941
2013-07-08,0.016278
2013-07-09,-0.012793
2013-07-10,-0.021029
2013-07-11,-0.057803
2013-07-12,-0.029135
2013-07-13,-0.080027
2013-07-14,-0.041033
2013-07-15,-0.002653
2013-07-16,0.001904
2013-07-17,-0.056435
2013-07-18,-0.035353
2013-07-19,0.012559
2013-07-20,-0.052154
2013-07-21,-0.042031
2013-07-22,-0.030247
2013-07-23,-0.024368
2013-07-24,-0.023577
2013-07-25,-0.02966
2013-07-26,-0.087513
2013-07-27,-0.007404
2013-07-28,-0.014222
2013-07-29,-0.036875
2013-07-30,0.007585
2013-07-31,-0.010834
2013-08-01,-0.003833
2013-08-02,-0.002428
2013-08-03,-0.136454
2013-08-04,-0.065552
2013-08-05,-0.048693
2013-08-06,-0.019043
2013-08-07,-0.029225
2013-08-08,-0.004477
2013-08-09,-0.022055
2013-08-10,-0.061681
2013-08-11,-0.085869
2013-08-12,-0.005946
2013-08-13,-0.038865
2013-08-14,-0.044787
2013-08-15,-0.016246
2013-08-16,-0.01837
2013-08-17,-0.077648
2013-08-18,-0.096226
2013-08-19,-0.023626
2013-08-20,-0.015746
2013-08-21,-0.009623
2013-08-22,-0.014081
2013-08-23,-0.029487
2013-08-24,-0.109251
2013-08-25,-0.051042
2013-08-26,0.006046
2013-08-27,0.006466
2013-08-28,-0.03388
2013-08-29,-0.025432
2013-08-30,0.012861
2013-08-31,-0.03676
2013-09-01,-0.026671
2013-09-02,-0.059381
2013-09-03,-0.023818
2013-09-04,-0.016007
2013-09-05,-0.029815
2013-09-06,-0.043868
2013-09-07,-0.055654
2013-09-08,-0.026634
2013-09-09,-0.00966
2013-09-10,-0.034424
2013-09-11,0.002359
2013-09-12,-0.050013
2013-09-13,0.022476
2013-09-14,-0.039105
2013-09-15,-0.016402
2013-09-16,-0.008962
2013-09-17,-0.029907
2013-09-18,-0.042397
2013-09-19,-0.031989
2013-09-20,-0.027764
2013-09-21,-0.024432
2013-09-22,0.021184
2013-09-23,-0.027722
2013-09-24,0.015496
2013-09-25,0.020114
2013-09-26,-0.079643
2013-09-27,-0.002517
2013-09-28,-0.094067
2013-09-29,-0.000651
2013-09-30,-0.033636
2013-10-01,0.00444
2013-10-02,-0.044243
2013-10-03,-0.031614
2013-10-04,-0.017338
2013-10-05,0.006949
2013-10-06,-0.004307
2013-10-07,0.015814
2013-10-08,-0.010792
2013-10-09,-0.020359
2013-10-10,0.002463
2013-10-11,-0.059689
2013-10-12,-0.049004
2013-10-13,-0.031101
2013-10-14,0.006053
2013-10-15,-0.017195
2013-10-16,-0.032409
2013-10-17,-0.014827
2013-10-18,-0.028582
2013-10-19,-0.014887
2013-10-20,-0.022897
2013-10-21,-0.010699
2013-10-22,-0.020073
2013-10-23,0.001083
2013-10-24,-0.02173
2013-10-25,-0.040344
2013-10-26,-0.049594
2013-10-27,-0.041977
2013-10-28,-0.005478
2013-10-29,-0.022184
2013-10-30,-0.004047
2013-10-31,-0.009789
2013-11-01,-0.035611
2013-11-02,-0.047009
2013-11-03,-0.001045
2013-11-04,-0.043055
2013-11-05,-0.057905
2013-11-06,0.024903
2013-11-07,-0.028617
2013-11-08,-0.042439
2013-11-09,-0.038684
2013-11-10,0.021783
2013-11-11,-0.022932
2013-11-12,-0.00074
2013-11-13,-0.036471
2013-11-14,-0.022613
2013-11-15,-0.048907
2013-11-16,-0.0269
2013-11-17,-0.020337
2013-11-18,0.003254
2013-11-19,0.038224
2013-11-20,-0.039263
2013-11-21,-0.025562
2013-11-22,0.019927
2013-11-23,-0.037938
2013-11-24,-0.144754
2013-11-25,-0.020791
2013-11-26,0.033251
2013-11-27,-0.007987
2013-11-28,-0.008323
2013-11-29,-0.083669
2013-11-30,-0.072407
2013-12-01,0.020179
2013-12-02,-0.015013
2013-12-03,-0.032969
2013-12-04,-0.042061
2013-12-05,-0.018021
2013-12-06,-0.020207
2013-12-07,0.040505
2013-12-08,-0.026698
2013-12-09,-0.002995
2013-12-10,0.002218
2013-12-11,0.002223
2013-12-12,-0.015296
2013-12-13,0.007232
2013-12-14,0.01637
2013-12-15,-0.02047
2013-12-16,-0.017726
2013-12-17,0.010012
2013-12-18,-0.004494
2013-12-19,-0.03309
2013-12-20,-0.002054
2013-12-21,-0.056244
2013-12-22,-0.054526
2013-12-23,0.012578
2013-12-24,-0.017799
2013-12-25,0.007
2013-12-26,-0.030177
2013-12-27,-0.027463
2013-12-28,-0.061415
2013-12-29,-0.04411
2013-12-30,0.005708
2013-12-31,0.023854
2014-01-01,-0.083394
2014-01-02,0.037623
2014-01-03,0.004839
2014-01-04,-0.054067
2014-01-05,-0.031363
2014-01-06,-0.027775
2014-01-07,-0.010602
2014-01-08,-0.009908
2014-01-09,0.038714
2014-01-10,-0.047037
2014-01-11,-0.046046
2014-01-12,-0.050417
2014-01-13,-0.027954
2014-01-14,0.013376
2014-01-15,-0.004832
2014-01-16,0.006694
2014-01-17,-0.044356
2014-01-18,-0.017502
2014-01-19,-0.051112
2014-01-20,-0.013437
2014-01-21,-0.024483
2014-01-22,-0.06028
2014-01-23,-0.004632
2014-01-24,-0.000858
2014-01-25,-0.00705
2014-01-26,-0.014111
2014-01-27,-0.048913
2014-01-28,-0.001796
2014-01-29,0.00065
2014-01-30,-0.020447
2014-01-31,-0.04798
2014-02-01,-0.079387
2014-02-02,-0.039428
2014-02-03,-0.023313
2014-02-04,-0.019411
2014-02-05,-0.024703
2014-02-06,-0.030769
2014-02-07,0.027813
2014-02-08,-0.009267
2014-02-09,-0.026956
2014-02-10,0.010618
2014-02-11,-0.025359
2014-02-12,-0.041572
2014-02-13,-0.076508
2014-02-14,0.004032
2014-02-15,0.003545
2014-02-16,-0.088762
2014-02-17,-0.00469
2014-02-18,0.002822
2014-02-19,-0.00139
2014-02-20,-0.069987
2014-02-21,-0.011788
2014-02-22,-0.0648
2014-02-23,-0.08319
2014-02-24,-0.021728
2014-02-25,-0.041198
2014-02-26,-0.000506
2014-02-27,-0.0074
2014-02-28,-0.001749
2014-03-01,-0.064808
2014-03-02,-0.101145
2014-03-03,-0.018015
2014-03-04,-0.03669
2014-03-05,-0.029217
2014-03-06,-0.037789
2014-03-07,-0.050213
2014-03-08,-0.031813
2014-03-09,-0.024118
2014-03-10,-0.023598
2014-03-11,0.004292
2014-03-12,-0.039945
2014-03-13,-0.018061
2014-03-14,-0.023769
2014-03-15,-0.042484
2014-03-16,-0.081627
2014-03-17,-0.037271
2014-03-18,-0.023555
2014-03-19,-0.011326
2014-03-20,-0.03358
2014-03-21,-0.015968
2014-03-22,-0.02876
2014-03-23,-0.024988
2014-03-24,-0.019924
2014-03-25,-0.027692
2014-03-26,-0.021928
2014-03-27,-0.030329
2014-03-28,-0.00234
2014-03-29,-0.00639
2014-03-30,-0.046526
2014-03-31,-0.055772
2014-04-01,-0.003478
2014-04-02,-0.024318
2014-04-03,-0.037111
2014-04-04,-0.01851
2014-04-05,-0.038954
2014-04-06,-0.03683
2014-04-07,-0.026402
2014-04-08,-0.013536
2014-04-09,0.012768
2014-04-10,-0.007588
2014-04-11,-0.02294
2014-04-12,-0.044052
2014-04-13,-0.037242
2014-04-14,-0.019048
2014-04-15,-0.011634
2014-04-16,-0.0082
2014-04-17,0.0171
2014-04-18,-0.084708
2014-04-19,-0.076432
2014-04-20,-0.151158
2014-04-21,-0.027355
2014-04-22,0.012085
2014-04-23,-0.029729
2014-04-24,-0.060214
2014-04-25,-0.1058
2014-04-26,-0.08845
2014-04-27,-0.188377
2014-04-28,-0.020209
2014-04-29,-0.053082
2014-04-30,-0.03838
2014-05-01,-0.060244
2014-05-02,-0.019609
2014-05-03,-0.073903
2014-05-04,-0.052927
2014-05-05,-0.055398
2014-05-06,-0.032172
2014-05-07,-0.012778
2014-05-08,-0.032533
2014-05-09,-0.029505
2014-05-10,-0.08313
2014-05-11,-0.078122
2014-05-12,-0.042808
2014-05-13,-0.00961
2014-05-14,-0.002837
2014-05-15,-0.024109
2014-05-16,-0.088544
2014-05-17,-0.052387
2014-05-18,-0.109558
2014-05-19,-0.048307
2014-05-20,0.028073
2014-05-21,-0.089423
2014-05-22,-0.139192
2014-05-23,-0.054091
2014-05-24,-0.065757
2014-05-25,-0.066709
2014-05-26,-0.064902
2014-05-27,-0.033862
2014-05-28,-0.024689
2014-05-29,-0.048073
2014-05-30,-0.043179
2014-05-31,-0.129212
2014-06-01,-0.114928
2014-06-02,-0.110382
2014-06-03,-0.060707
2014-06-04,-0.072404
2014-06-05,-0.063118
2014-06-06,-0.087493
2014-06-07,-0.045716
2014-06-08,-0.123403
2014-06-09,-0.050943
2014-06-10,-0.020556
2014-06-11,-0.011789
2014-06-12,-0.055787
2014-06-13,-0.039077
2014-06-14,-0.077179
2014-06-15,-0.034399
2014-06-16,-0.045634
2014-06-17,0.002558
2014-06-18,-0.132533
2014-06-19,-0.069593
2014-06-20,-0.02906
2014-06-21,-0.081863
2014-06-22,-0.022297
2014-06-23,-0.04348
2014-06-24,-0.072969
2014-06-25,-0.095903
2014-06-26,-0.089088
2014-06-27,-0.090092
2014-06-28,-0.057259
2014-06-29,-0.144162
2014-06-30,-0.127276
2014-07-01,0.020631
2014-07-02,-0.026268
2014-07-03,-0.048044
2014-07-04,-0.046755
2014-07-05,-0.056779
2014-07-06,-0.107591
2014-07-07,-0.060835
2014-07-08,-0.118026
2014-07-09,-0.072276
2014-07-10,-0.12546
2014-07-11,-0.079785
2014-07-12,-0.055745
2014-07-13,-0.112886
2014-07-14,0.021438
2014-07-15,-0.074047
2014-07-16,-0.112323
2014-07-17,-0.009091
2014-07-18,-0.09103
2014-07-19,-0.111961
2014-07-20,-0.174193
2014-07-21,0.021234
2014-07-22,-0.07804
2014-07-23,-0.047947
2014-07-24,-0.076188
2014-07-25,-0.036321
2014-07-26,-0.102097
2014-07-27,-0.113293
2014-07-28,-0.093496
2014-07-29,0.031111
2014-07-30,-0.075038
2014-07-31,-0.100286
2014-08-01,-0.060217
2014-08-02,-0.153693
2014-08-03,-0.167398
2014-08-04,-0.116198
2014-08-05,-0.006111
2014-08-06,-0.048831
2014-08-07,-0.045999
2014-08-08,0.017809
2014-08-09,-0.080419
2014-08-10,-0.108485
2014-08-11,-0.12658
2014-08-12,-0.044554
2014-08-13,-0.049934
2014-08-14,-0.021649
2014-08-15,-0.087586
2014-08-16,-0.107487
2014-08-17,-0.111074
2014-08-18,-0.093727
2014-08-19,-0.116275
2014-08-20,-0.121055
2014-08-21,-0.126626
2014-08-22,-0.066484
2014-08-23,-0.121483
2014-08-24,-0.147139
2014-08-25,-0.001187
2014-08-26,-0.017289
2014-08-27,-0.075269
2014-08-28,-0.098231
2014-08-29,-0.055602
2014-08-30,-0.13469
2014-08-31,-0.075645
2014-09-01,-0.104127
2014-09-02,-0.047174
2014-09-03,-0.018449
2014-09-04,-0.082437
2014-09-05,-0.063319
2014-09-06,-0.126577
2014-09-07,-0.08425
2014-09-08,-0.077132
2014-09-09,-0.083934
2014-09-10,-0.051771
2014-09-11,-0.103887
2014-09-12,-0.070808
2014-09-13,-0.089369
2014-09-14,-0.11728
2014-09-15,-0.050402
2014-09-16,-0.038019
2014-09-17,-0.039247
2014-09-18,0.001702
2014-09-19,-0.019382
2014-09-20,-0.095122
2014-09-21,-0.088661
2014-09-22,-0.10053
2014-09-23,-0.073377
2014-09-24,-0.132035
2014-09-25,-0.10432
2014-09-26,-0.105333
2014-09-27,-0.082925
2014-09-28,-0.090838
2014-09-29,-0.049506
2014-09-30,-0.118704
2014-10-01,-0.117381
2014-10-02,-0.002644
2014-10-03,-0.11104
2014-10-04,-0.199925
2014-10-05,-0.124236
2014-10-06,-0.003498
2014-10-07,-0.12569
2014-10-08,-0.043178
2014-10-09,-0.121451
2014-10-10,-0.045069
2014-10-11,-0.085102
2014-10-12,-0.113313
2014-10-13,-0.079312
2014-10-14,-0.034222
2014-10-15,-0.079569
2014-10-16,-0.036171
2014-10-17,-0.099276
2014-10-18,-0.12324
2014-10-19,-0.150474
2014-10-20,-0.006366
2014-10-21,-0.00851
2014-10-22,-0.109403
2014-10-23,-0.096363
2014-10-24,-0.115763
2014-10-25,-0.066066
2014-10-26,-0.148824
2014-10-27,-0.168531
2014-10-28,-0.041843
2014-10-29,-0.075687
2014-10-30,-0.091672
2014-10-31,-0.156783
2014-11-01,-0.087828
2014-11-02,-0.0893
2014-11-03,-0.027787
2014-11-04,-0.097173
2014-11-05,-0.171148
2014-11-06,-0.05187
2014-11-07,-0.096705
2014-11-08,-0.086137
2014-11-09,-0.06169
2014-11-10,-0.013541
2014-11-11,-0.002826
2014-11-12,-0.028418
2014-11-13,-0.062067
2014-11-14,-0.063799
2014-11-15,-0.104778
2014-11-16,-0.086698
2014-11-17,-0.02385
2014-11-18,0.009794
2014-11-19,-0.074952
2014-11-20,-0.154115
2014-11-21,-0.039213
2014-11-22,-0.036296
2014-11-23,-0.095605
2014-11-24,-0.03854
2014-11-25,0.010072
2014-11-26,-0.045142
2014-11-27,-0.016698
2014-11-28,-0.12356
2014-11-29,-0.118482
2014-11-30,-0.137086
2014-12-01,0.016686
2014-12-02,-0.033662
2014-12-03,-0.108331
2014-12-04,-0.122162
2014-12-05,-0.030941
2014-12-06,-0.140483
2014-12-07,-0.099243
2014-12-08,-0.075266
2014-12-09,-0.027719
2014-12-10,-0.004933
2014-12-11,-0.048187
2014-12-12,-0.039487
2014-12-13,-0.112901
2014-12-14,-0.100307
2014-12-15,-0.031104
2014-12-16,-0.012679
2014-12-17,0.015661
2014-12-18,-0.123683
2014-12-19,-0.03399
2014-12-20,0.002772
2014-12-21,-0.074735
2014-12-22,-0.059741
2014-12-23,-0.14258
2014-12-24,-0.004086
2014-12-25,-0.111471
2014-12-26,-0.030271
2014-12-27,-0.021761
2014-12-28,-0.105027
2014-12-29,-0.005053
2014-12-30,-0.026058
2014-12-31,-0.035445
2015-01-01,-0.080123
2015-01-02,-0.167985
2015-01-03,-0.055188
2015-01-04,-0.073655
2015-01-05,-0.100563
2015-01-06,0.027153
2015-01-07,-0.110272
2015-01-08,-0.037366
2015-01-09,-0.065071
2015-01-10,-0.086072
2015-01-11,-0.09197
2015-01-12,0.010217
2015-01-13,-0.007945
2015-01-14,-0.0132
2015-01-15,-0.017204
2015-01-16,-0.097903
2015-01-17,-0.143329
2015-01-18,-0.052551
2015-01-19,-0.078913
2015-01-20,-0.034237
2015-01-21,-0.040324
2015-01-22,-0.122606
2015-01-23,-0.07817
2015-01-24,-0.099096
2015-01-25,-0.100324
2015-01-26,-0.082292
2015-01-27,-0.017562
2015-01-28,-0.00347
2015-01-29,-0.050247
2015-01-30,-0.053689
2015-01-31,-0.092416
2015-02-01,-0.015423
2015-02-02,-0.029684
2015-02-03,-0.04307
2015-02-04,-0.036383
2015-02-05,-0.023025
2015-02-06,-0.060622
2015-02-07,-0.108488
2015-02-08,-0.033954
2015-02-09,0.029192
2015-02-10,-0.066849
2015-02-11,-0.046252
2015-02-12,-0.124635
2015-02-13,-0.055602
2015-02-14,-0.051524
2015-02-15,-0.164316
2015-02-16,-0.07126
2015-02-17,-0.040458
2015-02-18,-0.035568
2015-02-19,-0.018931
2015-02-20,-0.009362
2015-02-21,-0.159332
2015-02-22,-0.090084
2015-02-23,-0.01393
2015-02-24,-0.041885
2015-02-25,-0.045042
2015-02-26,-0.031786
2015-02-27,-0.031729
2015-02-28,-0.143085
2015-03-01,-0.098586
2015-03-02,-0.010064
2015-03-03,-0.097731
2015-03-04,-0.043245
2015-03-05,-0.109454
2015-03-06,-0.041485
2015-03-07,-0.131196
2015-03-08,-0.120459
2015-03-09,-0.0824
2015-03-10,0.003075
2015-03-11,-0.084503
2015-03-12,-0.121734
2015-03-13,-0.102804
2015-03-14,-0.067313
2015-03-15,-0.128732
2015-03-16,-0.087302
2015-03-17,-0.025474
2015-03-18,-0.048384
2015-03-19,-0.127366
2015-03-20,-0.124042
2015-03-21,-0.139497
2015-03-22,-0.137899
2015-03-23,-0.03911
2015-03-24,0.049992
2015-03-25,-0.09977
2015-03-26,-0.037954
2015-03-27,-0.117653
2015-03-28,-0.039319
2015-03-29,0.005923
2015-03-30,-0.106694
2015-03-31,-0.061614
2015-04-01,0.005832
2015-04-02,-0.072874
2015-04-03,-0.054604
2015-04-04,-0.079446
2015-04-05,-0.059662
2015-04-06,-0.000635
2015-04-07,-0.050579
2015-04-08,-0.141792
2015-04-09,-0.05241
2015-04-10,0.006739
2015-04-11,-0.117765
2015-04-12,-0.045378
2015-04-13,0.000367
2015-04-14,-0.072405
2015-04-15,-0.081055
2015-04-16,-0.065482
2015-04-17,-0.080499
2015-04-18,-0.048723
2015-04-19,-0.100748
2015-04-20,-0.009216
2015-04-21,-0.010895
2015-04-22,-0.04197
2015-04-23,-0.008513
2015-04-24,-0.01067
2015-04-25,-0.095211
2015-04-26,-0.098119
2015-04-27,-0.049278
2015-04-28,0.000779
2015-04-29,-0.014776
2015-04-30,-0.076928
2015-05-01,-0.033543
2015-05-02,-0.112278
2015-05-03,-0.070087
2015-05-04,-0.0163
2015-05-05,-0.081439
2015-05-06,0.035749
2015-05-07,0.030468
2015-05-08,-0.020258
2015-05-09,-0.066269
2015-05-10,-0.049944
2015-05-11,-0.042367
2015-05-12,-0.003894
2015-05-13,-0.02355
2015-05-14,-0.009289
2015-05-15,-0.015303
2015-05-16,-0.111667
2015-05-17,-0.098477
2015-05-18,0.00831
2015-05-19,-0.078346
2015-05-20,-0.057888
2015-05-21,-0.031773
2015-05-22,-0.095804
2015-05-23,-0.098943
2015-05-24,-0.131531
2015-05-25,-0.026288
2015-05-26,-0.078858
2015-05-27,-0.043381
2015-05-28,-0.026268
2015-05-29,0.045107
2015-05-30,-0.132204
2015-05-31,-0.073789
2015-06-01,-0.050696
2015-06-02,-0.020947
2015-06-03,-0.089403
2015-06-04,-0.041329
2015-06-05,-0.026352
2015-06-06,-0.133721
2015-06-07,-0.003392
2015-06-08,0.001285
2015-06-09,-0.029186
2015-06-10,-0.091285
2015-06-11,-0.127386
2015-06-12,-0.056199
2015-06-13,-0.079165
2015-06-14,-0.048853
2015-06-15,-0.045087
2015-06-16,-0.037193
2015-06-17,-0.037843
2015-06-18,-0.085839
2015-06-19,-0.071937
2015-06-20,-0.073832
2015-06-21,-0.05928
2015-06-22,0.000516
2015-06-23,-0.021645
2015-06-24,0.006944
2015-06-25,-0.096345
2015-06-26,-0.002043
2015-06-27,-0.077456
2015-06-28,-0.082068
2015-06-29,-0.041775
2015-06-30,-0.001625
2015-07-01,-0.019512
2015-07-02,-0.050787
2015-07-03,-0.092291
2015-07-04,-0.051059
2015-07-05,-0.068926
2015-07-06,-0.024488
2015-07-07,-0.061669
2015-07-08,-0.055002
2015-07-09,-0.171626
2015-07-10,-0.115698
2015-07-11,-0.119171
2015-07-12,-0.082251
2015-07-13,-0.06713
2015-07-14,-0.090242
2015-07-15,-0.100293
2015-07-16,-0.069191
2015-07-17,-0.111527
2015-07-18,-0.140464
2015-07-19,-0.110727
2015-07-20,-0.179039
2015-07-21,-0.099625
2015-07-22,-0.126412
2015-07-23,-0.213091
2015-07-24,-0.139177
2015-07-25,-0.160502
2015-07-26,-0.141353
2015-07-27,-0.240141
2015-07-28,-0.143887
2015-07-29,-0.125842
2015-07-30,-0.152079
2015-07-31,-0.147522
2015-08-01,-0.15543
2015-08-02,-0.170187
2015-08-03,-0.161303
2015-08-04,-0.153388
2015-08-05,-0.138743
2015-08-06,-0.153008
2015-08-07,-0.184821
2015-08-08,-0.164144
2015-08-09,-0.179629
2015-08-10,-0.170863
2015-08-11,-0.168727
2015-08-12,-0.144261
2015-08-13,-0.153633
2015-08-14,-0.16668
2015-08-15,-0.221145
2015-08-16,-0.067564
2015-08-17,-0.161132
2015-08-18,-0.153564
2015-08-19,-0.145976
2015-08-20,-0.232102
2015-08-21,-0.122174
2015-08-22,-0.122038
2015-08-23,-0.150098
2015-08-24,-0.059263
2015-08-25,-0.208283
2015-08-26,-0.208076
2015-08-27,-0.144821
2015-08-28,-0.222228
2015-08-29,-0.149402
2015-08-30,-0.191773
2015-08-31,-0.062314
2015-09-01,-0.10044
2015-09-02,-0.118695
2015-09-03,-0.185042
2015-09-04,-0.21782
2015-09-05,-0.133475
2015-09-06,-0.095572
2015-09-07,-0.107439
2015-09-08,-0.146444
2015-09-09,-0.084642
2015-09-10,-0.186001
2015-09-11,-0.156561
2015-09-12,-0.132456
2015-09-13,-0.14513
2015-09-14,-0.162929
2015-09-15,-0.171865
2015-09-16,-0.169145
2015-09-17,-0.132466
2015-09-18,-0.16359
2015-09-19,-0.082089
2015-09-20,-0.110313
2015-09-21,-0.097578
2015-09-22,-0.158781
2015-09-23,-0.161146
2015-09-24,-0.078294
2015-09-25,-0.122746
2015-09-26,-0.145001
2015-09-27,-0.034928
2015-09-28,-0.128367
2015-09-29,-0.16881
2015-09-30,-0.166747
2015-10-01,-0.188965
2015-10-02,-0.157079
2015-10-03,-0.138404
2015-10-04,-0.216084
2015-10-05,-0.128351
2015-10-06,-0.155884
2015-10-07,-0.178735
2015-10-08,-0.108564
2015-10-09,-0.168485
2015-10-10,-0.134097
2015-10-11,-0.214734
2015-10-12,-0.177132
2015-10-13,-0.082105
2015-10-14,-0.131266
2015-10-15,-0.162074
2015-10-16,-0.100894
2015-10-17,-0.149164
2015-10-18,-0.161643
2015-10-19,-0.16204
2015-10-20,-0.137685
2015-10-21,-0.097971
2015-10-22,-0.095701
2015-10-23,-0.217259
2015-10-24,-0.157978
2015-10-25,-0.1693
2015-10-26,-0.152518
2015-10-27,-0.078768
2015-10-28,-0.098639
2015-10-29,-0.08508
2015-10-30,-0.183009
2015-10-31,-0.19102
2015-11-01,-0.174998
2015-11-02,-0.166058
2015-11-03,-0.104673
2015-11-04,-0.143433
2015-11-05,-0.125599
2015-11-06,-0.1836
2015-11-07,-0.18529
2015-11-08,-0.105792
2015-11-09,-0.188151
2015-11-10,-0.114243
2015-11-11,-0.079879
2015-11-12,-0.287499
2015-11-13,-0.151814
2015-11-14,-0.186849
2015-11-15,-0.114494
2015-11-16,-0.146437
2015-11-17,-0.10792
2015-11-18,-0.190926
2015-11-19,-0.126875
2015-11-20,-0.117217
2015-11-21,-0.194644
2015-11-22,-0.188802
2015-11-23,-0.011152
2015-11-24,-0.152803
2015-11-25,-0.160629
2015-11-26,-0.134659
2015-11-27,-0.156546
2015-11-28,-0.219478
2015-11-29,-0.165562
2015-11-30,-0.181457
2015-12-01,-0.145642
2015-12-02,-0.153814
2015-12-03,-0.159742
2015-12-04,-0.087972
2015-12-05,-0.147889
2015-12-06,-0.13852
2015-12-07,-0.06504
2015-12-08,-0.119143
2015-12-09,-0.143138
2015-12-10,-0.116348
2015-12-11,-0.185532
2015-12-12,-0.135453
2015-12-13,-0.164261
2015-12-14,-0.128088
2015-12-15,-0.110341
2015-12-16,-0.043591
2015-12-17,-0.049677
2015-12-18,-0.114634
2015-12-19,-0.122722
2015-12-20,-0.140165
2015-12-21,-0.145718
2015-12-22,-0.081173
2015-12-23,-0.128707
2015-12-24,-0.164188
2015-12-25,-0.163512
2015-12-26,-0.11949
2015-12-27,-0.184954
2015-12-28,-0.105441
2015-12-29,-0.176662
2015-12-30,-0.161458
2015-12-31,-0.181243
2016-01-01,-0.142408
2016-01-02,-0.075619
2016-01-03,-0.198003
2016-01-04,-0.178185
2016-01-05,-0.077706
2016-01-06,-0.134801
2016-01-07,-0.095791
2016-01-08,-0.202513
2016-01-09,-0.150441
2016-01-10,-0.211164
2016-01-11,-0.069297
2016-01-12,-0.060318
2016-01-13,-0.015932
2016-01-14,-0.107494
2016-01-15,-0.155893
2016-01-16,-0.103838
2016-01-17,-0.168612
2016-01-18,-0.108263
2016-01-19,-0.161293
2016-01-20,-0.081524
2016-01-21,-0.232187
2016-01-22,-0.146654
2016-01-23,-0.15149
2016-01-24,-0.044042
2016-01-25,-0.094625
2016-01-26,-0.183211
2016-01-27,-0.180964
2016-01-28,-0.1491
2016-01-29,-0.094271
2016-01-30,-0.152769
2016-01-31,-0.094524
2016-02-01,-0.075537
2016-02-02,-0.17254
2016-02-03,-0.197447
2016-02-04,-0.106392
2016-02-05,-0.111553
2016-02-06,-0.159085
2016-02-07,-0.181172
2016-02-08,-0.144741
2016-02-09,-0.150096
2016-02-10,-0.013673
2016-02-11,-0.162527
2016-02-12,-0.126741
2016-02-13,-0.056556
2016-02-14,-0.137134
2016-02-15,-0.060198
2016-02-16,-0.081346
2016-02-17,-0.182091
2016-02-18,-0.204692
2016-02-19,-0.065866
2016-02-20,-0.152828
2016-02-21,-0.126728
2016-02-22,-0.190894
2016-02-23,-0.076555
2016-02-24,-0.085112
2016-02-25,-0.138971
2016-02-26,-0.140807
2016-02-27,-0.130887
2016-02-28,-0.163881
2016-02-29,-0.08103
2016-03-01,-0.146825
2016-03-02,-0.043906
2016-03-03,-0.077216
2016-03-04,-0.123876
2016-03-05,-0.14588
2016-03-06,-0.117019
2016-03-07,-0.037325
2016-03-08,-0.151489
2016-03-09,-0.073772
2016-03-10,-0.14649
2016-03-11,-0.147903
2016-03-12,-0.226393
2016-03-13,-0.132766
2016-03-14,-0.210305
2016-03-15,-0.094977
2016-03-16,-0.109699
2016-03-17,-0.144342
2016-03-18,-0.133841
2016-03-19,-0.1193
2016-03-20,-0.061396
2016-03-21,-0.097519
2016-03-22,-0.08296
2016-03-23,-0.166485
2016-03-24,-0.206061
2016-03-25,-0.143249
2016-03-26,-0.149571
2016-03-27,-0.119963
2016-03-28,-0.116892
2016-03-29,-0.143466
2016-03-30,-0.1447
2016-03-31,-0.207236
2016-04-01,-0.170763
2016-04-02,-0.224289
2016-04-03,-0.134108
2016-04-04,-0.114321
2016-04-05,-0.059864
2016-04-06,-0.118282
2016-04-07,-0.121726
2016-04-08,-0.129571
2016-04-09,-0.134224
2016-04-10,-0.186214
2016-04-11,-0.119806
2016-04-12,-0.154878
2016-04-13,-0.143412
2016-04-14,-0.130248
2016-04-15,-0.182456
2016-04-16,-0.202689
2016-04-17,-0.048521
2016-04-18,-0.157516
2016-04-19,-0.147033
2016-04-20,-0.073711
2016-04-21,-0.141478
2016-04-22,-0.101476
2016-04-23,-0.141123
2016-04-24,-0.003195
2016-04-25,-0.092523
2016-04-26,-0.139629
2016-04-27,-0.092764
2016-04-28,-0.093435
2016-04-29,-0.19813
2016-04-30,-0.115335
2016-05-01,-0.15239
2016-05-02,-0.17021
2016-05-03,-0.154306
2016-05-04,-0.141917
2016-05-05,-0.118663
2016-05-06,-0.090653
2016-05-07,-0.150016
2016-05-08,-0.095036
2016-05-09,-0.176205
2016-05-10,-0.081501
2016-05-11,-0.137606
2016-05-12,-0.093912
2016-05-13,-0.116724
2016-05-14,-0.142112
2016-05-15,-0.052306
2016-05-16,-0.128568
2016-05-17,-0.162666
2016-05-18,-0.102291
2016-05-19,-0.11656
2016-05-20,-0.138678
2016-05-21,-0.108523
2016-05-22,-0.12464
2016-05-23,-0.183399
2016-05-24,-0.166655
2016-05-25,-0.176407
2016-05-26,-0.047835
2016-05-27,-0.159725
2016-05-28,-0.14767
2016-05-29,-0.148576
2016-05-30,-0.071157
2016-05-31,-0.152696
2016-06-01,-0.153576
2016-06-02,-0.179628
2016-06-03,-0.175839
2016-06-04,-0.06422
2016-06-05,-0.123957
2016-06-06,-0.207379
2016-06-07,-0.14172
2016-06-08,-0.158341
2016-06-09,-0.108782
2016-06-10,-0.150148
2016-06-11,-0.121107
2016-06-12,-0.154489
2016-06-13,-0.114132
2016-06-14,-0.097803
2016-06-15,-0.112084
2016-06-16,-0.101936
2016-06-17,-0.158559
2016-06-18,-0.1172
2016-06-19,-0.103394
2016-06-20,-0.113949
2016-06-21,-0.228388
2016-06-22,-0.109432
2016-06-23,-0.123316
2016-06-24,-0.164758
2016-06-25,-0.081598
2016-06-26,-0.092268
2016-06-27,-0.151934
2016-06-28,-0.173056
2016-06-29,-0.101286
2016-06-30,-0.132914
2016-07-01,-0.211759
2016-07-02,-0.176953
2016-07-03,-0.170331
2016-07-04,-0.11853
2016-07-05,-0.183959
2016-07-06,-0.178472
2016-07-07,-0.244917
2016-07-08,-0.212799
2016-07-09,-0.11352
2016-07-10,-0.211172
2016-07-11,-0.144945
2016-07-12,-0.166669
2016-07-13,-0.139658
2016-07-14,-0.078465
2016-07-15,-0.152908
2016-07-16,-0.183262
2016-07-17,-0.200884
2016-07-18,-0.217689
2016-07-19,-0.185672
2016-07-20,-0.109598
2016-07-21,-0.140058
2016-07-22,-0.094883
2016-07-23,-0.158018
2016-07-24,-0.093057
2016-07-25,-0.161998
2016-07-26,-0.113029
2016-07-27,-0.136379
2016-07-28,-0.104376
2016-07-29,-0.098943
2016-07-30,-0.195101
2016-07-31,-0.102927
2016-08-01,-0.199914
2016-08-02,-0.199703
2016-08-03,-0.159343
2016-08-04,-0.142168
2016-08-05,-0.140853
2016-08-06,-0.095122
2016-08-07,-0.095497
2016-08-08,-0.215605
2016-08-09,-0.11875
2016-08-10,-0.11347
2016-08-11,-0.135274
2016-08-12,-0.135842
2016-08-13,-0.202228
2016-08-14,-0.104147
2016-08-15,-0.143356
2016-08-16,-0.208159
2016-08-17,-0.156661
2016-08-18,-0.152794
2016-08-19,-0.129046
2016-08-20,-0.074451
2016-08-21,-0.091083
2016-08-22,-0.147832
2016-08-23,-0.203465
2016-08-24,-0.164465
2016-08-25,-0.229116
2016-08-26,-0.186429
2016-08-27,-0.157227
2016-08-28,-0.181308
2016-08-29,-0.11514
2016-08-30,-0.13188
2016-08-31,-0.179028
2016-09-01,-0.08931
2016-09-02,-0.147539
2016-09-03,-0.129488
2016-09-04,-0.12835
2016-09-05,-0.121879
2016-09-06,-0.15057
2016-09-07,-0.125303
2016-09-08,-0.15094
2016-09-09,-0.153293
2016-09-10,-0.115153
2016-09-11,-0.088206
2016-09-12,-0.173057
2016-09-13,-0.204457
2016-09-14,-0.248029
2016-09-15,-0.202112
2016-09-16,-0.184757
2016-09-17,-0.095112
2016-09-18,-0.040931
2016-09-19,-0.112448
2016-09-20,-0.196782
2016-09-21,-0.20793
2016-09-22,-0.182343
2016-09-23,-0.125101
2016-09-24,-0.104627
2016-09-25,-0.076928
2016-09-26,-0.154859
2016-09-27,-0.1541
2016-09-28,-0.240126
2016-09-29,-0.246371
2016-09-30,-0.127378
2016-10-01,-0.125703
2016-10-02,-0.113058
2016-10-03,-0.183905
2016-10-04,-0.066773
2016-10-05,-0.17344
2016-10-06,-0.190494
2016-10-07,-0.151065
2016-10-08,-0.338898
2016-10-09,-0.228561
2016-10-10,-0.135126
2016-10-11,-0.216964
2016-10-12,-0.222075
2016-10-13,-0.206205
2016-10-14,-0.17634
2016-10-15,-0.136828
2016-10-16,-0.167911
2016-10-17,-0.155348
2016-10-18,-0.231787
2016-10-19,-0.196353
2016-10-20,-0.211166
2016-10-21,-0.17799
2016-10-22,-0.158472
2016-10-23,-0.199684
2016-10-24,-0.187605
2016-10-25,-0.133101
2016-10-26,-0.149855
2016-10-27,-0.259869
2016-10-28,-0.183251
2016-10-29,-0.126468
2016-10-30,-0.176067
2016-10-31,-0.187098
2016-11-01,-0.214823
2016-11-02,-0.185047
2016-11-03,-0.157543
2016-11-04,-0.230462
2016-11-05,-0.15688
2016-11-06,-0.110223
2016-11-07,-0.156134
2016-11-08,-0.124574
2016-11-09,-0.077264
2016-11-10,-0.143231
2016-11-11,-0.056208
2016-11-12,-0.207062
2016-11-13,-0.082017
2016-11-14,-0.111454
2016-11-15,-0.212704
2016-11-16,-0.125235
2016-11-17,-0.116642
2016-11-18,-0.192673
2016-11-19,-0.216917
2016-11-20,-0.182994
2016-11-21,-0.180199
2016-11-22,-0.169809
2016-11-23,-0.1331
2016-11-24,-0.141517
2016-11-25,-0.07985
2016-11-26,-0.098394
2016-11-27,-0.127041
2016-11-28,-0.077996
2016-11-29,-0.163501
2016-11-30,-0.174066
2016-12-01,-0.139622
2016-12-02,-0.145049
2016-12-03,-0.175568
2016-12-04,-0.140915
2016-12-05,-0.17482
2016-12-06,-0.122016
2016-12-07,-0.116029
2016-12-08,-0.14691
2016-12-09,-0.265855
2016-12-10,-0.123821
2016-12-11,-0.10419
2016-12-12,-0.105854
2016-12-13,-0.129594
2016-12-14,-0.14672
2016-12-15,-0.18711
2016-12-16,-0.145721
2016-12-17,-0.1493
2016-12-18,-0.101383
2016-12-19,-0.099029
2016-12-20,-0.119512
2016-12-21,-0.111889
2016-12-22,-0.150613
2016-12-23,-0.134016
2016-12-24,-0.1236
2016-12-25,-0.082065
2016-12-26,-0.159422
2016-12-27,-0.128022
2016-12-28,-0.085754
2016-12-29,-0.105725
2016-12-30,-0.151923
2016-12-31,-0.129554
2017-01-01,-0.072906
2017-01-02,-0.183795
2017-01-03,-0.182992
2017-01-04,-0.136415
2017-01-05,-0.170059
2017-01-06,-0.130692
2017-01-07,-0.122086
2017-01-08,-0.071752
2017-01-09,-0.157368
2017-01-10,-0.150891
2017-01-11,-0.122425
2017-01-12,-0.0813
2017-01-13,-0.146578
2017-01-14,-0.156013
2017-01-15,-0.110669
2017-01-16,-0.14251
2017-01-17,-0.12217
2017-01-18,-0.113815
2017-01-19,-0.128495
2017-01-20,-0.106086
2017-01-21,-0.088514
2017-01-22,-0.127507
2017-01-23,-0.167728
2017-01-24,-0.110683
2017-01-25,-0.155252
2017-01-26,-0.177587
2017-01-27,-0.099151
2017-01-28,-0.204856
2017-01-29,-0.207199
2017-01-30,-0.268045
2017-01-31,-0.239329
2017-02-01,-0.148146
2017-02-02,-0.227716
2017-02-03,-0.239305
2017-02-04,-0.157963
2017-02-05,-0.157643
2017-02-06,-0.169302
2017-02-07,-0.138381
2017-02-08,-0.185794
2017-02-09,-0.223015
2017-02-10,-0.205742
2017-02-11,-0.166109
2017-02-12,-0.137653
2017-02-13,-0.093159
2017-02-14,-0.208001
2017-02-15,-0.172293
2017-02-16,-0.14741
2017-02-17,-0.283103
2017-02-18,-0.164099
2017-02-19,-0.228078
2017-02-20,-0.117184
2017-02-21,-0.214169
2017-02-22,-0.138615
2017-02-23,-0.221924
2017-02-24,-0.159282
2017-02-25,-0.195442
2017-02-26,-0.16935
2017-02-27,-0.097604
2017-02-28,-0.152015
2017-03-01,-0.134668
2017-03-02,-0.192472
2017-03-03,-0.166108
2017-03-04,-0.199087
2017-03-05,-0.21652
2017-03-06,-0.034339
2017-03-07,-0.179409
2017-03-08,-0.16324
2017-03-09,-0.18164
2017-03-10,-0.091552
2017-03-11,-0.209323
2017-03-12,-0.15785
2017-03-13,-0.181378
2017-03-14,-0.239359
2017-03-15,-0.186801
2017-03-16,-0.22402
2017-03-17,-0.238648
2017-03-19,-0.196949
2017-03-20,-0.183885
2017-03-21,-0.191921
2017-03-22,-0.234802
2017-03-23,-0.183527
2017-03-24,-0.191547
2017-03-26,-0.211839
2017-03-27,-0.148341
2017-03-28,-0.185784
2017-03-29,-0.192256
2017-03-30,-0.163794
2017-03-31,-0.18414
2017-04-01,-0.19482
2017-04-02,-0.219007
2017-04-03,-0.171483
2017-04-04,-0.204089
2017-04-05,-0.136008
2017-04-06,-0.154634
2017-04-07,-0.176772
2017-04-08,-0.190464
2017-04-09,-0.226444
2017-04-10,-0.164438
2017-04-11,-0.166837
2017-04-12,-0.164727
2017-04-13,-0.225384
2017-04-14,-0.086681
2017-04-15,-0.248762
2017-04-16,-0.109773
2017-04-17,-0.142341
2017-04-18,-0.124644
2017-04-19,-0.134919
2017-04-20,-0.119061
2017-04-21,-0.119226
2017-04-22,-0.168184
2017-04-23,-0.172167
2017-04-24,-0.069775
2017-04-25,-0.144827
2017-04-26,-0.130468
2017-04-27,-0.102927
2017-04-28,-0.108073
2017-04-29,-0.1542
2017-04-30,-0.163369
2017-05-01,-0.071202
2017-05-02,-0.201231
2017-05-03,-0.209736
2017-05-04,-0.133651
2017-05-05,-0.157468
2017-05-06,-0.269788
2017-05-07,-0.117402
2017-05-08,-0.110786
2017-05-09,-0.146991
2017-05-10,-0.265693
2017-05-11,-0.124773
2017-05-12,-0.083311
2017-05-13,-0.141082
2017-05-14,-0.083778
2017-05-15,-0.08987
2017-05-16,-0.220255
2017-05-17,-0.142947
2017-05-18,-0.152239
2017-05-19,-0.120037
2017-05-20,-0.06664
2017-05-21,-0.11029
2017-05-22,-0.068609
2017-05-23,-0.171297
2017-05-24,-0.140699
2017-05-25,-0.149561
2017-05-26,-0.17483
2017-05-27,-0.195852
2017-05-28,-0.25235
2017-05-29,-0.211076
2017-05-30,-0.163296
2017-05-31,-0.169966
2017-06-01,-0.135653
2017-06-02,-0.167363
2017-06-03,-0.249843
2017-06-04,-0.14069
2017-06-05,-0.216056
2017-06-06,-0.174453
2017-06-07,-0.156885
2017-06-08,-0.160662
2017-06-09,-0.121077
2017-06-10,-0.220202
2017-06-11,-0.134414
2017-06-12,-0.137914
2017-06-13,-0.139534
2017-06-14,-0.156165
2017-06-15,-0.163096
2017-06-16,-0.126
2017-06-17,-0.25027
2017-06-18,-0.298282
2017-06-19,-0.105873
2017-06-20,-0.155252
2017-06-21,-0.13149
2017-06-22,-0.15971
2017-06-23,-0.109134
2017-06-24,-0.221959
2017-06-25,-0.311815
2017-06-26,-0.1003
2017-06-27,-0.151651
2017-06-28,-0.136736
2017-06-29,-0.163512
2017-06-30,-0.171898
2017-07-01,-0.25395
2017-07-02,-0.274598
2017-07-03,-0.24468
2017-07-04,-0.14443
2017-07-05,-0.159224
2017-07-06,-0.163169
2017-07-07,-0.221407
2017-07-08,-0.239705
2017-07-09,-0.231427
2017-07-10,-0.105548
2017-07-11,-0.118299
2017-07-12,-0.123123
2017-07-13,-0.178842
2017-07-14,-0.119774
2017-07-15,-0.278677
2017-07-16,-0.196606
2017-07-17,-0.11424
2017-07-18,-0.179307
2017-07-19,-0.168229
2017-07-20,-0.098349
2017-07-21,-0.190798
2017-07-22,-0.05081
2017-07-23,-0.145644
2017-07-24,-0.108785
2017-07-25,-0.175918
2017-07-26,-0.244327
2017-07-27,-0.167981
2017-07-28,-0.053848
2017-07-29,-0.133651
2017-07-30,-0.226966
2017-07-31,-0.163272
2017-08-01,-0.15042
2017-08-02,-0.096717
2017-08-03,-0.170396
2017-08-04,-0.143546
2017-08-05,-0.190825
2017-08-06,-0.200128
2017-08-07,-0.130755
2017-08-08,-0.150124
2017-08-09,-0.169759
2017-08-10,-0.207251
2017-08-11,-0.166291
2017-08-12,-0.229306
2017-08-13,-0.17115
2017-08-14,-0.160712
2017-08-15,-0.242926
2017-08-16,-0.18171
2017-08-17,-0.166678
2017-08-18,-0.127841
2017-08-19,-0.114571
2017-08-20,-0.185185
2017-08-21,-0.133054
2017-08-22,-0.137379
2017-08-23,-0.215234
2017-08-24,-0.18692
2017-08-25,-0.184121
2017-08-26,-0.191859
2017-08-27,-0.207386
2017-08-28,-0.161189
2017-08-29,-0.097834
2017-08-30,-0.17604
2017-08-31,-0.175968
2017-09-01,-0.115562
2017-09-02,-0.107001
2017-09-03,-0.112298
2017-09-04,-0.04019
2017-09-05,-0.083922
2017-09-06,-0.102803
2017-09-07,-0.10022
2017-09-08,-0.139263
2017-09-09,-0.088298
2017-09-10,-0.128924
2017-09-11,-0.090762
2017-09-12,-0.117962
2017-09-13,-0.082096
2017-09-14,-0.10665
2017-09-15,-0.118692
2017-09-16,-0.182885
2017-09-17,-0.172553
2017-09-18,-0.170673
2017-09-19,-0.182162
2017-09-20,-0.122917
2017-09-21,-0.115731
2017-09-22,-0.128721
2017-09-23,-0.235271
2017-09-24,-0.25248
2017-09-25,-0.144716
2017-09-26,-0.141629
2017-09-27,-0.179479
2017-09-28,-0.13293
2017-09-29,-0.148774
2017-09-30,-0.169221
2017-10-01,-0.150603
2017-10-02,-0.102565
2017-10-03,-0.081202
2017-10-04,-0.085845
2017-10-05,-0.183711
2017-10-06,-0.160518
2017-10-07,-0.152316
2017-10-08,-0.191821
2017-10-09,-0.217678
2017-10-10,-0.177196
2017-10-11,-0.096545
2017-10-12,-0.09585
2017-10-13,-0.182339
2017-10-14,-0.304237
2017-10-15,-0.279361
2017-10-16,-0.164694
2017-10-17,-0.18647
2017-10-18,-0.242474
2017-10-19,-0.126714
2017-10-20,-0.196293
2017-10-21,-0.142397
2017-10-22,-0.090946
2017-10-23,-0.235125
2017-10-24,-0.132783
2017-10-25,-0.148398
2017-10-26,-0.180184
2017-10-27,-0.157846
2017-10-28,-0.195341
2017-10-29,-0.256329
2017-10-30,-0.208545
2017-10-31,-0.236714
2017-11-01,-0.161737
2017-11-02,-0.156362
2017-11-03,-0.21364
2017-11-04,-0.276788
2017-11-05,-0.243836
2017-11-06,-0.167496
2017-11-07,-0.135985
2017-11-08,-0.190734
2017-11-09,-0.068969
2017-11-10,-0.205896
2017-11-11,-0.271958
2017-11-12,-0.246794
2017-11-13,-0.135562
2017-11-14,-0.228728
2017-11-15,-0.186962
2017-11-16,-0.192728
2017-11-17,-0.189429
2017-11-18,-0.299908
2017-11-19,-0.224732
2017-11-20,-0.235591
2017-11-21,-0.185008
2017-11-22,-0.221921
2017-11-23,-0.258408
2017-11-24,-0.19758
2017-11-25,-0.213668
2017-11-26,-0.267929
2017-11-27,-0.161249
2017-11-28,-0.197229
2017-11-29,-0.211291
2017-11-30,-0.207993
2017-12-01,-0.185842
2017-12-02,-0.239226
2017-12-03,-0.300103
2017-12-04,-0.214585
2017-12-05,-0.28892
2017-12-06,-0.200228
2017-12-07,-0.198768
2017-12-08,-0.17242
2017-12-09,-0.266222
2017-12-10,-0.149866
2017-12-11,-0.314417
2017-12-12,-0.199909
2017-12-13,-0.146695
2017-12-14,-0.177922
2017-12-15,-0.215646
2017-12-16,-0.210429
2017-12-17,-0.173889
2017-12-18,-0.191609
2017-12-19,-0.132816
2017-12-20,-0.250446
2017-12-21,-0.223744
2017-12-22,-0.258032
2017-12-23,-0.248327
2017-12-24,-0.395373
2017-12-25,-0.179367
2017-12-26,-0.333194
2017-12-27,-0.214766
2017-12-28,-0.245658
2017-12-29,-0.263883
2017-12-30,-0.295157
2017-12-31,-0.155231
2018-01-01,-0.123552
2018-01-02,-0.13792
2018-01-03,-0.217083
2018-01-04,-0.239897
2018-01-05,-0.225857
2018-01-06,-0.244538
2018-01-07,-0.170738
2018-01-08,-0.123754
2018-01-09,-0.187139
2018-01-10,-0.206119
2018-01-11,-0.216291
2018-01-12,-0.283619
2018-01-13,-0.072618
2018-01-14,-0.403379
2018-01-15,-0.318814
2018-01-16,-0.183587
2018-01-17,-0.152951
2018-01-18,-0.265574
2018-01-19,-0.272841
2018-01-20,-0.265433
2018-01-21,-0.193072
2018-01-22,-0.197698
2018-01-23,-0.11975
2018-01-24,-0.255011
2018-01-25,-0.236129
2018-01-26,-0.324396
2018-01-27,-0.322936
2018-01-28,-0.271108
2018-01-29,-0.112057
2018-01-30,-0.17636
2018-01-31,-0.128404
2018-02-01,-0.204074
2018-02-02,-0.236901
2018-02-03,-0.281061
2018-02-04,-0.234506
2018-02-05,-0.171833
2018-02-06,-0.260531
2018-02-07,-0.191587
2018-02-08,-0.217681
2018-02-09,-0.230824
2018-02-10,-0.320629
2018-02-11,-0.26772
2018-02-12,-0.176355
2018-02-13,-0.212587
2018-02-14,-0.201572
2018-02-15,-0.205342
2018-02-16,-0.177263
2018-02-17,-0.178433
2018-02-18,-0.321956
2018-02-19,-0.18168
2018-02-20,-0.194488
2018-02-21,-0.171285
2018-02-22,-0.275916
2018-02-23,-0.243002
2018-02-24,0.005207
2018-02-25,-0.360576
2018-02-26,-0.254608
2018-02-27,-0.154144
2018-02-28,-0.153321
2018-03-01,-0.267997
2018-03-02,-0.242845
2018-03-03,-0.300451
2018-03-04,-0.226414
2018-03-05,-0.154341
2018-03-06,-0.116607
2018-03-07,-0.258722
2018-03-08,-0.130559
2018-03-09,-0.148749
2018-03-10,-0.155679
2018-03-11,-0.331518
2018-03-12,-0.131396
2018-03-13,-0.285091
2018-03-14,-0.306894
2018-03-15,-0.291789
2018-03-16,-0.242121
2018-03-17,-0.31735
2018-03-18,-0.131649
2018-03-19,-0.194217
2018-03-20,-0.32168
2018-03-21,-0.279561
2018-03-22,-0.180669
2018-03-23,-0.23795
2018-03-24,-0.087314
2018-03-25,-0.279258
2018-03-26,-0.227034
2018-03-27,-0.285413
2018-03-28,-0.276601
2018-03-29,-0.266202
2018-03-30,-0.28819
2018-03-31,-0.336303
2018-04-01,-0.176153
2018-04-02,-0.22604
2018-04-03,-0.240119
2018-04-04,-0.14332
2018-04-05,-0.236562
2018-04-06,-0.275106
2018-04-07,-0.275591
2018-04-08,-0.289659
2018-04-09,-0.19812
2018-04-10,-0.226195
2018-04-11,-0.230355
2018-04-12,-0.227992
2018-04-13,-0.246877
2018-04-14,-0.333055
2018-04-15,-0.212196
2018-04-16,-0.152342
2018-04-17,-0.214234
2018-04-18,-0.174746
2018-04-19,-0.191204
2018-04-20,-0.29385
2018-04-21,-0.331691
2018-04-22,-0.158195
2018-04-23,-0.114342
2018-04-24,-0.236427
2018-04-25,-0.102468
2018-04-26,-0.297678
2018-04-27,-0.186157
2018-04-28,-0.268962
2018-04-29,-0.242896
2018-04-30,-0.281833
2018-05-01,-0.253535
2018-05-02,-0.202244
2018-05-03,-0.171168
2018-05-04,-0.173905
2018-05-05,-0.214278
2018-05-06,-0.201144
2018-05-07,-0.20687
2018-05-08,-0.108657
2018-05-09,-0.181028
2018-05-10,-0.293467
2018-05-11,-0.270136
2018-05-12,-0.22812
2018-05-13,-0.287639
2018-05-14,-0.128559
2018-05-15,-0.269516
2018-05-16,-0.23664
2018-05-17,-0.173282
2018-05-18,-0.227983
2018-05-19,-0.206276
2018-05-20,-0.25891
2018-05-21,-0.052279
2018-05-22,-0.2515
2018-05-23,-0.163141
2018-05-24,-0.294498
2018-05-25,-0.244366
2018-05-26,-0.114857
2018-05-27,-0.431554
2018-05-28,-0.179064
2018-05-29,-0.541366
2018-05-30,-0.228527
2018-05-31,-0.223652
2018-06-01,-0.455995
2018-06-02,-0.332909
2018-06-03,-0.358078
2018-06-04,-0.191055
2018-06-05,-0.173173
2018-06-06,-0.500249
2018-06-07,0.028837
2018-06-08,0.196806
2018-06-09,-0.306037
2018-06-10,-0.407121
2018-06-11,-0.440872
2018-06-12,-0.294259
2018-06-13,-0.158049
2018-06-14,-0.087521
2018-06-15,-0.48191
2018-06-16,-0.168286
2018-06-17,-0.529442
2018-06-18,-0.145409
2018-06-19,-0.227993
2018-06-20,-0.348901
2018-06-21,-0.274001
2018-06-22,-0.237238
2018-06-23,-0.337193
2018-06-24,-0.230728
2018-06-25,-0.283747
2018-06-26,-0.261987
2018-06-27,-0.250292
2018-06-28,-0.643278
2018-06-29,-0.534162
2018-06-30,-0.146665
2018-07-01,-0.454349
2018-07-02,-0.296563
2018-07-03,-0.234567
2018-07-04,-0.657513
2018-07-05,-0.314662
2018-07-06,-0.536891
2018-07-07,-0.269716
2018-07-08,-0.214778
2018-07-09,-0.253037
2018-07-10,-0.113643
2018-07-11,-0.17111
2018-07-12,-0.164286
2018-07-13,-0.502096
2018-07-14,-0.019941
2018-07-15,-0.506489
2018-07-16,-0.134251
2018-07-17,-0.795192
2018-07-18,-0.544882
2018-07-19,-0.377892
2018-07-20,-0.737133
2018-07-21,-0.270802
2018-07-22,-0.415198
2018-07-23,-0.670403
2018-07-24,-0.668392
2018-07-25,-0.62552
2018-07-26,-0.645394
2018-07-27,-0.339962
2018-07-28,-0.163947
2018-07-29,-0.387033
2018-07-30,-0.246556
2018-07-31,-0.614871
2018-08-01,-0.6552
2018-08-02,-0.594235
2018-08-03,-0.547329
2018-08-04,-0.392176
2018-08-05,-0.558494
2018-08-06,-0.372315
2018-08-07,-0.450653
2018-08-08,-0.326261
2018-08-09,-0.781364
2018-08-10,-0.610055
2018-08-11,-0.411115
2018-08-12,-0.187912
2018-08-13,-0.11128
2018-08-14,-0.131545
2018-08-15,-0.638018
2018-08-16,-0.617748
2018-08-17,-0.19418
2018-08-18,-0.10888
2018-08-19,-0.809665
2018-08-20,-0.353338
2018-08-21,-0.65669
2018-08-22,-0.75386
2018-08-23,-0.353644
2018-08-24,-0.494408
2018-08-25,-0.235213
2018-08-26,0.034387
2018-08-27,-0.806803
2018-08-28,-0.849767
2018-08-29,-0.407553
2018-08-30,-0.511433
2018-08-31,-0.660307
2018-09-01,-0.240724
2018-09-02,-0.663367
2018-09-03,-0.651038
2018-09-04,-0.349452
2018-09-05,-0.822582
2018-09-06,-0.306845
2018-09-07,-0.835246
2018-09-08,-0.338807
2018-09-09,-0.026463
2018-09-10,-0.546264
2018-09-11,-0.58794
2018-09-12,-0.161842
2018-09-13,-0.64552
2018-09-14,-0.10621
2018-09-15,-0.499781
2018-09-16,-0.4945
2018-09-17,-0.074608
2018-09-18,-0.172279
2018-09-19,-0.367938
2018-09-20,-0.424041
2018-09-21,-0.217067
2018-09-22,-0.353449
2018-09-23,-0.42236
2018-09-24,-0.27732
2018-09-25,-0.472765
2018-09-26,-0.180145
2018-09-27,-0.457336
2018-09-28,-0.324354
2018-09-29,-0.544396
2018-09-30,-0.339801
2018-10-01,-0.193531
2018-10-02,-0.592848
2018-10-03,-0.152889
2018-10-04,-0.450094
2018-10-05,-0.203259
2018-10-06,-0.302657
2018-10-07,-0.415671
2018-10-08,0.084406
2018-10-09,-0.42721
2018-10-10,-0.322045
2018-10-11,-0.375647
2018-10-12,-0.205652
2018-10-13,-0.114797
2018-10-14,-0.167034
2018-10-15,-0.11002
2018-10-16,-0.10528
2018-10-17,-0.499912
2018-10-18,-0.343991
2018-10-19,-0.097083
2018-10-20,0.059089
2018-10-21,-0.388852
2018-10-22,-0.294395
2018-10-23,-0.308701
2018-10-24,-0.31774
2018-10-25,-0.243583
2018-10-26,-0.505315
2018-10-27,-0.285753
2018-10-28,-0.613019
2018-10-29,-0.247493
2018-10-30,0.027044
2018-10-31,-0.15143
2018-11-01,-0.103313
2018-11-02,-0.506772
2018-11-03,-0.268287
2018-11-04,-0.49487
2018-11-05,0.098592
2018-11-06,-0.126661
2018-11-07,0.274051
2018-11-08,-0.271511
2018-11-09,-0.058633
2018-11-10,-0.236495
2018-11-11,-0.300053
2018-11-12,-0.053501
2018-11-13,-0.282213
2018-11-14,-0.103085
2018-11-15,-0.159647
2018-11-16,-0.324381
2018-11-17,-0.536841
2018-11-18,-0.448445
2018-11-19,-0.146111
2018-11-20,-0.430292
2018-11-21,-0.377365
2018-11-22,-0.32613
2018-11-23,-0.088638
2018-11-24,-0.29573
2018-11-25,-0.198422
2018-11-26,-0.328656
2018-11-27,-0.436567
2018-11-28,-0.30699
2018-11-29,-0.00805
2018-11-30,-0.194918
2018-12-01,-0.125396
2018-12-02,-0.219246
2018-12-03,-0.35933
2018-12-04,0.00229
2018-12-05,-0.362965
2018-12-06,-0.557103
2018-12-07,-0.215206
2018-12-08,-0.140812
2018-12-09,0.078878
2018-12-10,-0.287143
2018-12-11,-0.13569
2018-12-12,-0.199222
2018-12-13,0.010333
2018-12-14,-0.009783
2018-12-15,-0.022289
2018-12-16,-0.39604
2018-12-17,-0.260359
2018-12-18,-0.067596
2018-12-19,-0.276852
2018-12-20,-0.131008
2018-12-21,-0.030938
2018-12-22,-0.040352
2018-12-23,-0.482612
2018-12-24,-0.186361
2018-12-25,-0.297092
2018-12-26,0.017657
2018-12-27,-0.079672
2018-12-28,-0.375013
2018-12-29,-0.161044
2018-12-30,-0.334956
2018-12-31,-0.157912
2019-01-01,-0.309185
2019-01-02,-0.339403
2019-01-03,-0.110063
2019-01-04,-0.132636
2019-01-05,0.074351
2019-01-06,-0.197367
2019-01-07,-0.164527
2019-01-08,-0.00245
2019-01-09,-0.361377
2019-01-10,-0.316443
2019-01-11,0.002853
2019-01-12,-0.167917
2019-01-13,-0.199897
2019-01-14,-0.361484
2019-01-15,-0.438274
2019-01-16,-0.298975
2019-01-17,0.028897
2019-01-18,-0.427846
2019-01-19,-0.058346
2019-01-20,-0.300674
2019-01-21,-0.516037
2019-01-22,-0.247536
2019-01-23,-0.37608
2019-01-24,-0.075715
2019-01-25,-0.264566
2019-01-26,-0.294062
2019-01-27,-0.209454
2019-01-28,-0.106037
2019-01-29,-0.12494
2019-01-30,-0.199256
2019-01-31,-0.049448
2019-02-01,-0.034982
2019-02-02,-0.266641
2019-02-03,-0.374747
2019-02-04,0.073423
2019-02-05,-0.027202
2019-02-06,-0.068249
2019-02-07,-0.213716
2019-02-08,-0.017855
2019-02-09,-0.437177
2019-02-10,-0.234824
2019-02-11,-0.016106
2019-02-12,-0.413108
2019-02-13,-0.105347
2019-02-14,-0.371457
2019-02-15,-0.211696
2019-02-16,-0.225835
2019-02-17,-0.454726
2019-02-18,-0.314397
2019-02-19,-0.105568
2019-02-20,-0.113859
2019-02-21,-0.564501
2019-02-22,-0.492891
2019-02-23,-0.072736
2019-02-24,-0.454327
2019-02-25,0.017108
2019-02-26,0.032365
2019-02-27,-0.123687
2019-02-28,-0.113106
2019-03-01,-0.634737
2019-03-02,-0.269205
2019-03-03,-0.132182
2019-03-04,-0.032401
2019-03-05,-0.324773
2019-03-06,-0.289353
2019-03-07,-0.475558
2019-03-08,-0.180873
2019-03-09,-0.165254
2019-03-10,-0.079298
2019-03-11,-0.494612
2019-03-12,-0.430621
2019-03-13,-0.172156
2019-03-14,-0.231302
2019-03-15,-0.174984
2019-03-16,-0.12824
2019-03-17,-0.092999
2019-03-18,-0.265908
2019-03-19,-0.000958
2019-03-20,-0.487431
2019-03-21,-0.24938
2019-03-22,-0.125433
2019-03-23,-0.11197
2019-03-24,-0.5984
2019-03-25,-0.209657
2019-03-26,-0.473682
2019-03-27,-0.142192
2019-03-28,-0.226929
2019-03-29,-0.042641
2019-03-30,-0.463282
2019-03-31,-0.039712
2019-04-01,-0.204487
2019-04-02,0.180681
2019-04-03,-0.016139
2019-04-04,-0.175993
2019-04-05,-0.546291
2019-04-06,-0.588588
2019-04-07,-0.201106
2019-04-08,-0.439743
2019-04-09,-0.384243
2019-04-10,-0.259491
2019-04-11,-0.182815
2019-04-12,-0.21184
2019-04-13,-0.10891
2019-04-14,-0.685182
2019-04-15,-0.18495
2019-04-16,0.198532
2019-04-17,-0.327348
2019-04-18,-0.038726
2019-04-19,-0.523727
2019-04-20,-0.6993
2019-04-21,-0.655014
2019-04-22,-0.366347
2019-04-23,-0.750349
2019-04-24,-0.478597
2019-04-25,-0.477256
2019-04-26,-0.538282
2019-04-27,-0.31154
2019-04-28,-0.29137
2019-04-29,-0.162256
2019-04-30,-0.011458
2019-05-01,-0.809381
2019-05-02,-0.067122
2019-05-03,-0.415217
2019-05-04,-0.456995
2019-05-05,-0.65775
2019-05-06,-0.548134
2019-05-07,-0.536736
2019-05-08,-0.703366
2019-05-09,-0.44175
2019-05-10,-0.352296
2019-05-11,-0.386504
2019-05-12,-0.582919
2019-05-13,-0.488962
2019-05-14,-0.497057
2019-05-15,-0.438598
2019-05-16,-0.595332
2019-05-17,-0.474876
2019-05-18,-0.170755
2019-05-19,-0.598802
2019-05-20,-0.389363
2019-05-21,-0.454487
2019-05-22,0.012479
2019-05-23,-0.545373
2019-05-24,-0.137727
2019-05-25,-0.263858
2019-05-26,-0.636873
2019-05-27,-0.434496
2019-05-28,-0.126021
2019-05-29,-0.380092
2019-05-30,-0.44752
2019-05-31,-0.245819
2019-06-01,-0.213225
2019-06-02,-0.652582
2019-06-03,-0.469593
2019-06-04,-0.096611
2019-06-05,-0.207716
2019-06-06,-0.418705
2019-06-07,-0.606362
2019-06-08,-0.147888
2019-06-09,-0.77231
2019-06-10,-0.2684
2019-06-11,-0.295039
2019-06-12,-0.623147
2019-06-13,-0.326507
2019-06-14,-0.672652
2019-06-15,-0.457706
2019-06-16,-0.479978
2019-06-17,-0.349062
2019-06-18,-0.499124
2019-06-19,-0.270609
2019-06-20,-0.132821
2019-06-21,-0.545552
2019-06-22,-0.245831
2019-06-23,-0.255747
2019-06-24,-0.560577
2019-06-25,-0.454774
2019-06-26,-0.361556
2019-06-27,-0.698001
2019-06-28,-0.103365
2019-06-29,-0.13965
2019-06-30,-0.386589
2019-07-01,-0.597848
2019-07-02,-0.837705
2019-07-03,-0.51088
2019-07-04,-0.463321
2019-07-05,-0.584525
2019-07-06,-0.763974
2019-07-07,-0.272705
2019-07-08,-0.138154
2019-07-09,-0.354624
2019-07-10,-0.347846
2019-07-11,-0.414777
2019-07-12,-0.427221
2019-07-13,-0.534323
2019-07-14,-0.437304
2019-07-15,-0.79295
2019-07-16,-0.453584
2019-07-17,-0.364216
2019-07-18,-0.692611
2019-07-19,-0.491446
2019-07-20,-0.133376
2019-07-21,-0.624362
2019-07-22,-0.564264
2019-07-23,-0.50225
2019-07-24,-0.011884
2019-07-25,-0.423149
2019-07-26,-0.670591
2019-07-27,-0.477271
2019-07-28,-0.629088
2019-07-29,-0.724931
2019-07-30,-0.538694
2019-07-31,-0.716003
2019-08-01,-0.79521
2019-08-02,-0.308799
2019-08-03,-0.632119
2019-08-04,-0.457918
2019-08-05,-0.668935
2019-08-06,-0.324554
2019-08-07,-0.27572
2019-08-08,-0.776441
2019-08-09,-0.046837
2019-08-10,-0.677359
2019-08-11,-0.710078
2019-08-12,-0.141081
2019-08-13,-0.692029
2019-08-14,-0.671323
2019-08-15,-0.292226
2019-08-16,-0.368171
2019-08-17,-0.221947
2019-08-18,-0.418273
2019-08-19,-0.24801
2019-08-20,-0.681008
2019-08-21,-0.374139
2019-08-22,-0.260786
2019-08-23,-0.379694
2019-08-24,-0.521004
2019-08-25,-0.764282
2019-08-26,-0.012733
2019-08-27,-0.27023
2019-08-28,-0.272905
2019-08-29,-0.174359
2019-08-30,-0.417422
2019-08-31,-0.381601
2019-09-01,-0.55561
2019-09-02,-0.42356
2019-09-03,-0.241293
2019-09-04,-0.480887
2019-09-05,-0.565476
2019-09-06,-0.483349
2019-09-07,-0.243182
2019-09-08,-0.72626
2019-09-09,-0.533884
2019-09-10,-0.429948
2019-09-11,-0.368401
2019-09-12,-0.59201
2019-09-13,-0.226657
2019-09-14,-0.650642
2019-09-15,-0.574167
2019-09-16,-0.243519
2019-09-17,-0.287549
2019-09-18,-0.440127
2019-09-19,-0.176531
2019-09-20,-0.057846
2019-09-21,-0.592827
2019-09-22,-0.512479
2019-09-23,-0.306218
2019-09-24,-0.087321
2019-09-25,-0.074546
2019-09-26,-0.497924
2019-09-27,-0.357894
2019-09-28,-0.366729
2019-09-29,-0.301593
2019-09-30,-0.049771
2019-10-01,-0.178259
2019-10-02,-0.42122
2019-10-03,-0.114645
2019-10-04,-0.318497
2019-10-05,-0.549691
2019-10-06,-0.28229
2019-10-07,-0.298946
2019-10-08,-0.114458
2019-10-09,-0.149787
2019-10-10,-0.637078
2019-10-11,-0.297474
2019-10-12,-0.472381
2019-10-13,-0.805506
2019-10-14,-0.431533
2019-10-15,-0.329
2019-10-16,-0.102828
2019-10-17,-0.229762
2019-10-18,-0.415659
2019-10-19,-0.444732
2019-10-20,-0.119859
2019-10-21,-0.173101
2019-10-22,-0.362275
2019-10-23,-0.28253
2019-10-24,-0.222446
2019-10-25,0.10484
2019-10-26,-0.097399
2019-10-27,-0.066286
2019-10-28,0.107897
2019-10-29,-0.2637
2019-10-30,-0.40678
2019-10-31,-0.272451
2019-11-01,-0.231964
2019-11-02,-0.446231
2019-11-03,-0.302291
2019-11-04,-0.078394
2019-11-05,-0.417272
2019-11-06,-0.259211
2019-11-07,-0.332838
2019-11-08,-0.174762
2019-11-09,-0.096186
2019-11-10,-0.131629
2019-11-11,-0.55583
2019-11-12,-0.158868
2019-11-13,-0.181672
2019-11-14,-0.05398
2019-11-15,-0.491164
2019-11-16,-0.255325
2019-11-17,-0.723482
2019-11-18,-0.039756
2019-11-19,-0.177748
2019-11-20,-0.29131
2019-11-21,-0.330514
2019-11-22,-0.202346
2019-11-23,-0.088772
2019-11-24,-0.177201
2019-11-25,-0.169016
2019-11-26,-0.115781
2019-11-27,0.147512
2019-11-28,-0.361891
2019-11-29,-0.170198
2019-11-30,-0.069832
2019-12-01,-0.112745
2019-12-02,0.000603
2019-12-03,-0.269495
2019-12-04,-0.087898
2019-12-05,-0.247625
2019-12-06,-0.610555
2019-12-07,-0.285856
2019-12-08,-0.171445
2019-12-09,-0.481428
2019-12-10,-0.259905
2019-12-11,-0.007806
2019-12-12,-0.281776
2019-12-13,-0.500257
2019-12-14,-0.158217
2019-12-15,-0.41651
2019-12-16,-0.279981
2019-12-17,-0.075755
2019-12-18,-0.083034
2019-12-19,-0.437917
2019-12-20,0.135607
2019-12-21,-0.17948
2019-12-22,-0.199541
2019-12-23,0.246413
2019-12-24,-0.305443
2019-12-25,-0.095871
2019-12-26,-0.126862
2019-12-27,-0.401804
2019-12-28,-0.565602
2019-12-29,-0.443546
2019-12-30,-0.429587
2019-12-31,-0.573534
2020-01-01,-0.100781
2020-01-02,-0.254302
2020-01-03,-0.591751
2020-01-04,-0.389699
2020-01-05,-0.668481
2020-01-06,-0.141562
2020-01-07,-0.133285
2020-01-08,-0.530416
2020-01-09,-0.559224
2020-01-10,-0.247024
2020-01-11,-0.432044
2020-01-12,-0.509391
2020-01-13,-0.076501
2020-01-14,-0.67217
2020-01-15,-0.527344
2020-01-16,-0.177056
2020-01-17,-0.420131
2020-01-18,-0.337284
2020-01-19,-0.533674
2020-01-20,-0.196408
2020-01-21,-0.186316
2020-01-22,-0.562884
2020-01-23,-0.211722
2020-01-24,-0.094931
2020-01-25,-0.261022
2020-01-26,-0.112425
2020-01-27,-0.24761
2020-01-28,-0.164244
2020-01-29,-0.434097
2020-01-30,-0.21037
2020-01-31,-0.24533
2020-02-01,-0.302031
2020-02-02,-0.471467
2020-02-03,-0.436303
2020-02-04,-0.373222
2020-02-05,-0.264538
2020-02-06,-0.399
2020-02-07,-0.510088
2020-02-08,-0.235252
2020-02-09,-0.336427
2020-02-10,-0.303072
2020-02-11,0.036992
2020-02-12,-0.441496
2020-02-13,-0.11869
2020-02-14,-0.513737
2020-02-15,-0.351683
2020-02-16,-0.504873
2020-02-17,-0.055832
2020-02-18,-0.88393
2020-02-19,-0.564625
2020-02-20,-0.547165
2020-02-21,0.058688
2020-02-22,-0.009653
2020-02-23,-0.025453
2020-02-24,-0.472906
2020-02-25,0.034302
2020-02-26,-0.501037
2020-02-27,-0.593757
2020-02-28,-0.306511
2020-02-29,-0.579058
2020-03-01,-0.424057
2020-03-02,0.358031
2020-03-03,-0.776724
2020-03-04,-0.827431
2020-03-05,-0.283895
2020-03-06,0.158289
2020-03-07,-0.495121
2020-03-08,-0.587897
2020-03-09,-0.257463
2020-03-10,-0.144624
2020-03-11,-0.745472
2020-03-12,-0.345114
2020-03-13,-0.846273
2020-03-14,-0.407698
2020-03-15,-0.403149
2020-03-16,-0.058634
2020-03-17,-0.009053
2020-03-18,-0.263331
2020-03-19,-0.191662
2020-03-20,-0.340345
2020-03-21,-0.163332
2020-03-22,-0.099951
2020-03-23,-0.067905
2020-03-24,-0.078101
2020-03-25,-0.120167
2020-03-26,0.014192
2020-03-27,-0.167313
2020-03-28,-0.076847
2020-03-29,-0.276252
2020-03-30,-0.130191
2020-03-31,-0.041332
2020-04-01,-0.432861
2020-04-02,-0.011854
2020-04-03,0.015525
2020-04-04,-0.381879
2020-04-05,-0.090072
2020-04-06,-0.382209
2020-04-07,0.077442
2020-04-08,-0.259231
2020-04-09,-0.080409
2020-04-10,-0.318719
2020-04-11,-0.121741
2020-04-12,-0.357311
2020-04-13,-0.131261
2020-04-14,-0.035684
2020-04-15,-0.320547
2020-04-16,-0.218447
2020-04-17,-0.041096
2020-04-18,-0.261507
2020-04-19,-0.393816
2020-04-20,-0.222092
2020-04-21,-0.136518
2020-04-22,-0.410743
2020-04-23,0.123116
2020-04-24,0.03194
2020-04-25,-0.181427
2020-04-26,-0.050573
2020-04-27,0.020439
2020-04-28,-0.211162
2020-04-29,-0.350407
2020-04-30,0.021577
2020-05-01,-0.089376
2020-05-02,-0.126685
2020-05-03,-0.234145
2020-05-04,0.113908
2020-05-05,-0.08938
2020-05-06,0.054457
2020-05-07,-0.273304
2020-05-08,-0.014123
2020-05-09,-0.421901
2020-05-10,-0.259939
2020-05-11,0.001228
2020-05-12,-0.172054
2020-05-13,-0.010945
2020-05-14,-0.034699
2020-05-15,-0.166621
2020-05-16,-0.088458
2020-05-17,-0.363697
2020-05-18,-0.002411
2020-05-19,0.036262
2020-05-20,-0.176742
2020-05-21,-0.432341
2020-05-22,-0.486839
2020-05-23,-0.106694
2020-05-24,-0.363242
2020-05-25,-0.32728
2020-05-26,-0.313102
2020-05-27,-0.423168
2020-05-28,0.029691
2020-05-29,-0.344129
2020-05-30,-0.107634
2020-05-31,-0.458656
2020-06-01,-0.279782
2020-06-02,-0.101866
2020-06-03,-0.26615
2020-06-04,-0.206956
2020-06-05,-0.181466
2020-06-06,-0.236111
2020-06-07,-0.255535
2020-06-08,-0.032557
2020-06-09,-0.415896
2020-06-10,-0.235234
2020-06-11,-0.325184
2020-06-12,-0.131623
2020-06-13,-0.135399
2020-06-14,-0.653076
2020-06-15,-0.235056
2020-06-16,0.065015
2020-06-17,-0.381542
2020-06-18,-0.294902
2020-06-19,-0.029441
2020-06-20,-0.309465
2020-06-21,-0.421101
2020-06-22,-0.576917
2020-06-23,-0.068315
2020-06-24,-0.167736
2020-06-25,-0.234962
2020-06-26,-0.460489
2020-06-27,-0.244588
2020-06-28,-0.58322
2020-06-29,-0.090618
2020-06-30,-0.281114
2020-07-01,-0.235242
2020-07-02,-0.15654
2020-07-03,-0.058944
2020-07-04,-0.12441
2020-07-05,-0.600992
2020-07-06,-0.208406
2020-07-07,-0.10693
2020-07-08,-0.180103
2020-07-09,-0.150609
2020-07-10,-0.337412
2020-07-11,-0.153865
2020-07-12,-0.121717
2020-07-13,-0.204449
2020-07-14,0.060452
2020-07-15,-0.144011
2020-07-16,-0.484249
2020-07-17,-0.151671
2020-07-18,-0.365669
2020-07-19,-0.294321
2020-07-20,-0.078413
2020-07-21,-0.442966
2020-07-22,-0.097907
2020-07-23,-0.000479
2020-07-24,-0.140819
2020-07-25,-0.417562
2020-07-26,-0.234975
2020-07-27,-0.115713
2020-07-28,-0.37738
2020-07-29,-0.088109
2020-07-30,-0.105639
2020-07-31,-0.279117
2020-08-01,-0.4556
2020-08-02,-0.300116
2020-08-03,-0.287287
2020-08-04,-0.127186
2020-08-05,-0.234024
2020-08-06,-0.187597
2020-08-07,-0.208251
2020-08-08,-0.512947
2020-08-09,-0.621316
2020-08-10,-0.434478
2020-08-11,-0.079791
2020-08-12,-0.084003
2020-08-13,-0.074935
2020-08-14,-0.214066
2020-08-15,-0.018963
2020-08-16,-0.225223
2020-08-17,-0.309443
2020-08-18,-0.139662
2020-08-19,-0.381444
2020-08-20,-0.321438
2020-08-21,-0.342834
2020-08-22,-0.182896
2020-08-23,-0.398458
2020-08-24,-0.489964
2020-08-25,-0.323916
2020-08-26,-0.237439
2020-08-27,-0.319554
2020-08-28,-0.051343
2020-08-29,-0.537912
2020-08-30,-0.648301
2020-08-31,-0.192475
2020-09-01,-0.111218
2020-09-02,-0.101135
2020-09-03,-0.323483
2020-09-04,-0.423839
2020-09-05,-0.268399
2020-09-06,-0.177861
2020-09-07,-0.073845
2020-09-08,-0.48231
2020-09-09,-0.257648
2020-09-10,-0.13193
2020-09-11,-0.417064
2020-09-12,-0.208476
2020-09-13,-0.211206
2020-09-14,-0.167898
2020-09-15,-0.701423
2020-09-16,-0.196402
2020-09-17,0.001048
2020-09-18,-0.413566
2020-09-19,-0.157266
2020-09-20,-0.254182
2020-09-21,-0.136531
2020-09-22,-0.18941
2020-09-23,0.049583
2020-09-24,-0.043923
2020-09-25,-0.130125
2020-09-26,-0.594648
2020-09-27,-0.639391
2020-09-28,-0.489441
2020-09-29,-0.130364
2020-09-30,-0.149593
2020-10-01,-0.077979
2020-10-02,-0.270592
2020-10-03,-0.334708
2020-10-04,-0.270397
2020-10-05,-0.153893
2020-10-06,-0.138669
2020-10-07,-0.091331
2020-10-08,-0.137634
2020-10-09,-0.237371
2020-10-10,-0.380487
2020-10-11,-0.016316
2020-10-12,-0.133204
2020-10-13,-0.110464
2020-10-14,-0.188567
2020-10-15,-0.373781
2020-10-16,-0.153638
2020-10-17,-0.428659
2020-10-18,-0.150807
2020-10-19,-0.118918
2020-10-20,-0.181359
2020-10-21,-0.301459
2020-10-22,-0.177612
2020-10-23,-0.264232
2020-10-24,-0.450134
2020-10-25,-0.694576
2020-10-26,-0.038701
2020-10-27,-0.342195
2020-10-28,-0.111349
2020-10-29,-0.041997
2020-10-30,-0.0673
2020-10-31,-0.068698
2020-11-01,-0.068222
2020-11-02,-0.205756
2020-11-03,-0.156663
2020-11-04,-0.225949
2020-11-05,-0.426778
2020-11-06,-0.284549
2020-11-07,-0.366195
2020-11-08,-0.043877
2020-11-09,-0.111986
2020-11-10,-0.241032
2020-11-11,-0.195464
2020-11-12,-0.523536
2020-11-13,-0.255727
2020-11-14,-0.477178
2020-11-15,-0.326735
2020-11-16,-0.103999
2020-11-17,-0.118465
2020-11-18,-0.306363
2020-11-19,-0.083754
2020-11-20,-0.265326
2020-11-21,-0.408919
2020-11-22,-0.591616
2020-11-23,-0.163167
2020-11-24,-0.118167
2020-11-25,-0.09149
2020-11-26,-0.453072
2020-11-27,-0.249648
2020-11-28,-0.170203
2020-11-29,0.004022
2020-11-30,0.018056
2020-12-01,-0.474892
2020-12-02,-0.049678
2020-12-03,-0.091351
2020-12-04,-0.063987
2020-12-05,-0.441874
2020-12-06,-0.134149
2020-12-07,-0.321849
2020-12-08,-0.112427
2020-12-09,-0.108407
2020-12-10,-0.104892
2020-12-11,-0.14727
2020-12-12,-0.347508
2020-12-13,-0.476795
2020-12-14,-0.075058
2020-12-15,-0.342558
2020-12-16,-0.226875
2020-12-17,-0.323463
2020-12-18,0.234324
2020-12-19,-0.144857
2020-12-20,-0.099445
2020-12-21,-0.416391
2020-12-22,-0.476559
2020-12-23,-0.261727
2020-12-24,-0.331282
2020-12-25,-0.216043
2020-12-26,-0.222034
2020-12-27,-0.475001
2020-12-28,-0.196726
2020-12-29,-0.083565
2020-12-30,-0.192979
2020-12-31,-0.027406
2021-01-01,0.161446
2021-01-02,-0.40769
2021-01-03,-0.54957
2021-01-04,-0.6183
2021-01-05,-0.28045
2021-01-06,-0.286237
2021-01-07,-0.674409
2021-01-08,-0.435188
2021-01-09,-0.204418
2021-01-10,-0.404947
2021-01-11,-0.19569
2021-01-12,-0.168121
2021-01-13,-0.366939
2021-01-14,-0.423911
2021-01-15,-0.232935
2021-01-16,-0.181676
2021-01-17,-0.136792
2021-01-18,-0.146512
2021-01-19,-0.50133
2021-01-20,0.044346
2021-01-21,-0.341892
2021-01-22,-0.254451
2021-01-23,-0.134241
2021-01-24,-0.31524
2021-01-25,-0.185585
2021-01-26,-0.034705
2021-01-27,-0.464351
2021-01-28,-0.07956
2021-01-29,-0.018868
2021-01-30,-0.213908
2021-01-31,0.007464
2021-02-01,-0.141403
2021-02-02,-0.150674
2021-02-03,-0.525489
2021-02-04,-0.188429
2021-02-05,0.402398
2021-02-06,-0.426244
2021-02-07,-0.212785
2021-02-08,-0.702347
2021-02-09,-0.472133
2021-02-10,-0.134354
2021-02-11,-0.874309
2021-02-12,-0.503208
2021-02-13,-0.414685
2021-02-14,-0.458167
2021-02-15,-0.37772
2021-02-16,-0.873314
2021-02-17,-0.34846
2021-02-18,-0.424196
2021-02-19,0.079459
2021-02-20,-0.31493
2021-02-21,-0.276576
2021-02-22,-0.619384
2021-02-23,-0.367149
2021-02-24,-0.419757
2021-02-25,-0.359368
2021-02-26,-0.329088
2021-02-27,-0.544489
2021-02-28,-0.436581
2021-03-01,-0.79471
2021-03-02,-0.645504
2021-03-03,-0.4146
2021-03-04,-0.131486
2021-03-05,-0.188912
2021-03-06,0.31822
2021-03-07,-0.421224
2021-03-08,-0.338904
2021-03-09,-0.669687
2021-03-10,-0.409129
2021-03-11,-0.111666
2021-03-12,-0.413564
2021-03-13,-0.366354
2021-03-14,-0.409653
2021-03-15,-0.459508
2021-03-16,-0.641497
2021-03-17,-0.69082
2021-03-18,-0.552953
2021-03-19,-0.323283
2021-03-20,-0.470581
2021-03-21,-0.561495
2021-03-22,-0.386517
2021-03-23,-0.489403
2021-03-24,-0.272386
2021-03-25,-0.348492
2021-03-26,-0.600269
2021-03-27,-0.312909
2021-03-28,-0.235994
2021-03-29,-0.222375
2021-03-30,-0.567076
2021-03-31,-0.281585
2021-04-01,-0.279546
2021-04-02,-0.273369
2021-04-03,-0.220521
2021-04-04,-0.299358
2021-04-05,-0.470303
2021-04-06,-0.263077
2021-04-07,-0.163688
2021-04-08,-0.217563
2021-04-09,-0.265702
2021-04-10,-0.213032
2021-04-11,-0.240431
2021-04-12,-0.185089
2021-04-13,-0.357858
2021-04-14,-0.139931
2021-04-15,0.07153
2021-04-16,-0.096344
2021-04-17,-0.29392
2021-04-18,-0.101719
2021-04-19,-0.257469
2021-04-20,0.183
2021-04-21,0.106123
2021-04-22,-0.158143
2021-04-23,-0.183462
2021-04-24,-0.207751
2021-04-25,-0.251427
2021-04-26,0.081169
2021-04-27,-0.164773
2021-04-28,-0.291886
2021-04-29,-0.021841
2021-04-30,-0.270592
2021-05-01,-0.382696
2021-05-02,-0.362617
2021-05-03,-0.020154
2021-05-04,-0.286315
2021-05-05,0.035159
2021-05-06,-0.371099
2021-05-07,-0.430422
2021-05-08,-0.344532
2021-05-09,-0.207168
2021-05-10,-0.617281
2021-05-11,0.07471
2021-05-12,-0.234102
2021-05-13,-0.042596
2021-05-14,-0.493472
2021-05-15,-0.173193
2021-05-16,-0.362839
2021-05-17,-0.187503
2021-05-18,-0.103474
2021-05-19,-0.017711
2021-05-20,-0.131329
2021-05-21,0.051219
2021-05-22,-0.278861
2021-05-23,-0.58457
2021-05-24,-0.310297
2021-05-25,-0.476614
2021-05-26,-0.258826
2021-05-27,-0.116009
2021-05-28,-0.040519
2021-05-29,-0.612794
2021-05-30,-0.439135
2021-05-31,-0.256273
2021-06-01,-0.359247
2021-06-02,-0.31193
2021-06-03,-0.128619
2021-06-04,-0.487024
2021-06-05,-0.18646
2021-06-06,-0.629762
2021-06-07,-0.451042
2021-06-08,0.122382
2021-06-09,-0.373264
2021-06-10,0.062937
2021-06-11,-0.021327
2021-06-12,-0.477594
2021-06-13,-0.383646
2021-06-14,-0.396802
2021-06-15,-0.233096
2021-06-16,-0.282778
2021-06-17,0.068827
2021-06-18,-0.1664
2021-06-19,-0.628624
2021-06-20,-0.355056
2021-06-21,-0.259804
2021-06-22,-0.257071
2021-06-23,-0.242175
2021-06-24,0.050838
2021-06-25,0.027794
2021-06-26,-0.286978
2021-06-27,-0.248985
2021-06-28,-0.246257
2021-06-29,-0.404747
2021-06-30,-0.438636
2021-07-01,-0.480922
2021-07-02,-0.600413
2021-07-03,-0.189423
2021-07-04,-0.487856
2021-07-05,-0.353746
2021-07-06,-0.232304
2021-07-07,-0.597635
2021-07-08,-0.065698
2021-07-09,-0.011696
2021-07-10,-0.397833
2021-07-11,-0.211566
2021-07-12,-0.211054
2021-07-13,-0.219374
2021-07-14,0.141574
2021-07-15,-0.236841
2021-07-16,0.009321
2021-07-17,-0.452149
2021-07-18,-0.29614
2021-07-19,0.096038
2021-07-20,-0.236713
2021-07-21,-0.409017
2021-07-22,-0.169978
2021-07-23,0.03455
2021-07-24,-0.10605
2021-07-25,-0.045465
2021-07-26,-0.298627
2021-07-27,-0.107612
2021-07-28,-0.233613
2021-07-29,-0.451267
2021-07-30,0.032424
2021-07-31,-0.063289
2021-08-01,-0.404076
2021-08-02,0.153698
2021-08-03,-0.497051
2021-08-04,-0.303311
2021-08-05,0.037953
2021-08-06,-0.156278
2021-08-07,-0.111008
2021-08-08,-0.283886
2021-08-09,-0.209099
2021-08-10,-0.361353
2021-08-11,0.040903
2021-08-12,-0.04631
2021-08-13,-0.172837
2021-08-14,-0.362658
2021-08-15,-0.343652
2021-08-16,-0.256213
2021-08-17,-0.124624
2021-08-18,-0.460871
2021-08-19,-0.388915
2021-08-20,-0.498911
2021-08-21,-0.358222
2021-08-22,-0.485212
2021-08-23,-0.30969
2021-08-24,-0.4134
2021-08-25,-0.370382
2021-08-26,-0.108979
2021-08-27,-0.191809
2021-08-28,-0.486501
2021-08-29,-0.14226
2021-08-30,-0.524533
2021-08-31,-0.26361
2021-09-01,-0.482145
2021-09-02,-0.444218
2021-09-03,-0.399932
2021-09-04,-0.13081
2021-09-05,-0.413716
2021-09-06,-0.150933
2021-09-07,-0.197224
2021-09-08,-0.472152
2021-09-09,-0.229812
2021-09-10,-0.586753
2021-09-11,-0.284574
2021-09-12,-0.360998
2021-09-13,-0.212094
2021-09-14,-0.08202
2021-09-15,0.059718
2021-09-16,-0.561064
2021-09-17,-0.275743
2021-09-18,-0.538207
2021-09-19,-0.166044
2021-09-20,0.152171
2021-09-21,-0.14901
2021-09-22,-0.547447
2021-09-23,0.035046
2021-09-24,0.032153
2021-09-25,-0.224762
2021-09-26,-0.330998
2021-09-27,0.035468
2021-09-28,-0.149907
2021-09-29,-0.215778
2021-09-30,-0.008554
2021-10-01,-0.249082
2021-10-02,-0.241423
2021-10-03,-0.179286
2021-10-04,-0.183318
2021-10-05,-0.235009
2021-10-06,-0.221591
2021-10-07,-0.312349
2021-10-08,-0.224373
2021-10-09,-0.191351
2021-10-10,-0.539428
2021-10-11,0.063775
2021-10-12,-0.524176
2021-10-13,-0.069505
2021-10-14,-0.125111
2021-10-15,-0.152985
2021-10-16,-0.581618
2021-10-17,-0.197247
2021-10-18,-0.083864
2021-10-19,-0.02355
2021-10-20,-0.163012
2021-10-21,-0.262217
2021-10-22,-0.078294
2021-10-23,-0.074617
2021-10-24,-0.102666
2021-10-25,0.023384
2021-10-26,-0.216545
2021-10-27,-0.303435
2021-10-28,-0.370202
2021-10-29,-0.216224
2021-10-30,-0.284816
2021-10-31,-0.282234
2021-11-01,-0.117853
2021-11-02,-0.252435
2021-11-03,-0.301827
2021-11-04,-0.410392
2021-11-05,-0.238369
2021-11-06,-0.310488
2021-11-07,-0.327322
2021-11-08,-0.547941
2021-11-09,-0.259315
2021-11-10,-0.085541
2021-11-11,-0.669192
2021-11-12,-0.280235
2021-11-13,0.046585
2021-11-14,-0.142926
2021-11-15,-0.228119
2021-11-16,-0.073
2021-11-17,0.212129
2021-11-18,-0.146522
2021-11-19,-0.257107
2021-11-20,0.045448
2021-11-21,-0.319516
2021-11-22,-0.301661
2021-11-23,-0.191516
2021-11-24,-0.301334
2021-11-25,-0.139445
2021-11-26,-0.579268
2021-11-27,-0.35371
2021-11-28,-0.299783
2021-11-29,-0.105255
2021-11-30,-0.122281
2021-12-01,-0.180231
2021-12-02,-0.515168
2021-12-03,-0.424494
2021-12-04,-0.516579
2021-12-05,-0.009494
2021-12-06,-0.376951
2021-12-07,-0.740046
2021-12-08,-0.236907
2021-12-09,-0.24873
2021-12-10,0.014468
2021-12-11,-0.140295
2021-12-12,-0.302929
2021-12-13,0.015182
2021-12-14,-0.334401
2021-12-15,-0.041827
2021-12-16,-0.031265
2021-12-17,-0.441088
2021-12-18,-0.281506
2021-12-19,-0.635831
2021-12-20,-0.113636
2021-12-21,-0.167486
2021-12-22,-0.402573
2021-12-23,-0.280074
2021-12-24,-0.354903
2021-12-25,-0.4264
2021-12-26,-0.12426
2021-12-27,-0.136438
2021-12-28,0.00573
2021-12-29,-0.133227
2021-12-30,-0.249963
2021-12-31,-0.137021
2022-01-01,-0.453856
2022-01-02,-0.342376
2022-01-03,-0.389096
2022-01-04,-0.25203
2022-01-05,-0.084335
2022-01-06,-0.09547
2022-01-07,-0.482994
2022-01-08,-0.418519
2022-01-09,-0.15296
2022-01-10,-0.139959
2022-01-11,-0.165754
2022-01-12,-0.326191
2022-01-13,-0.127294
2022-01-14,-0.506639
2022-01-15,-0.446461
2022-01-16,-0.424147
2022-01-17,-0.109793
2022-01-18,-0.374034
2022-01-19,0.024231
2022-01-20,-0.120567
2022-01-21,-0.357939
2022-01-22,-0.09788
2022-01-23,-0.404141
2022-01-24,-0.457909
2022-01-25,-0.246861
2022-01-26,-0.360083
2022-01-27,-0.092204
2022-01-28,0.035286
2022-01-29,-0.295284
2022-01-30,-0.003224
2022-01-31,-0.374808
2022-02-01,0.071327
2022-02-02,-0.025229
2022-02-03,-0.443536
2022-02-04,-0.203275
2022-02-05,-0.34211
2022-02-06,-0.589962
2022-02-07,-0.154853
2022-02-08,0.076086
2022-02-09,-0.348224
2022-02-10,-0.225063
2022-02-11,-0.084794
2022-02-12,-0.397856
2022-02-13,-0.30044
2022-02-14,-0.440593
2022-02-15,-0.474113
2022-02-16,0.035985
2022-02-17,-0.531978
2022-02-18,-0.376298
2022-02-19,-0.336671
2022-02-20,-0.198189
2022-02-21,-0.1947
2022-02-22,-0.608073
2022-02-23,-0.131385
2022-02-24,-0.697778
2022-02-25,-0.392303
2022-02-26,-0.583706
2022-02-27,-0.226544
2022-02-28,-0.174344
2022-03-01,-0.318021
2022-03-02,-0.475889
2022-03-03,-0.223187
2022-03-04,-0.325067
2022-03-05,-0.422696
2022-03-06,-0.113352
2022-03-07,-0.531694
2022-03-08,-0.356043
2022-03-09,-0.109964
2022-03-10,0.397858
2022-03-11,-0.135563
2022-03-12,-0.745873
2022-03-13,-0.39948
2022-03-14,-0.477888
2022-03-15,0.087159
2022-03-16,-0.329426
2022-03-17,-0.626832
2022-03-18,-0.284114
2022-03-19,-0.288204
2022-03-20,-0.077213
2022-03-21,-0.156423
2022-03-22,-0.248865
2022-03-23,-0.07606
2022-03-24,-0.315662
2022-03-25,-0.114892
2022-03-26,-0.121784
2022-03-27,-0.062541
2022-03-28,-0.318113
2022-03-29,0.033545
2022-03-30,-0.369037
2022-03-31,-0.663775
2022-04-01,-0.630865
2022-04-02,-0.288338
2022-04-03,-0.022264
2022-04-04,-0.341126
2022-04-05,-0.359588
2022-04-06,-0.16209
2022-04-07,-0.203878
2022-04-08,-0.355195
2022-04-09,-0.242481
2022-04-10,-0.261291
2022-04-11,-0.054926
2022-04-12,-0.424436
2022-04-13,0.233334
2022-04-14,0.109683
2022-04-15,-0.213768
2022-04-16,-0.697524
2022-04-17,-0.188424
2022-04-18,-0.651383
2022-04-19,-0.53335
2022-04-20,-0.206134
2022-04-21,-0.449656
2022-04-22,-0.623937
2022-04-23,-0.451093
2022-04-24,-0.315788
2022-04-25,-0.223116
2022-04-26,-0.309235
2022-04-27,-0.499653
2022-04-28,-0.200068
2022-04-29,-0.414336
2022-04-30,-0.313478
2022-05-01,-0.177148
2022-05-02,-0.284139
2022-05-03,-0.259919
2022-05-04,0.169861
2022-05-05,-0.345224
2022-05-06,-0.389755
2022-05-07,0.079948
2022-05-08,-0.29344
2022-05-09,-0.025684
2022-05-10,-0.356503
2022-05-11,-0.118927
2022-05-12,-0.239466
2022-05-13,-0.324643
2022-05-14,-0.542293
2022-05-15,-0.610405
2022-05-16,0.03953
2022-05-17,-0.228183
2022-05-18,-0.032292
2022-05-19,-0.293905
2022-05-20,-0.126433
2022-05-21,-0.335045
2022-05-22,-0.096955
2022-05-23,-0.348601
2022-05-24,-0.067757
2022-05-25,-0.387532
2022-05-26,-0.375066
2022-05-27,-0.029075
2022-05-28,-0.519534
2022-05-29,-0.224989
2022-05-30,-0.038405
2022-05-31,-0.342498
2022-06-01,-0.140663
2022-06-02,-0.051101
2022-06-03,-0.205728
2022-06-04,-0.740247
2022-06-05,-0.090299
2022-06-06,-0.188394
2022-06-07,-0.213251
2022-06-08,-0.075094
2022-06-09,-0.287314
2022-06-10,-0.464754
2022-06-11,-0.207185
2022-06-12,-0.666384
2022-06-13,-0.122668
2022-06-14,-0.491645
2022-06-15,-0.10439
2022-06-16,0.076404
2022-06-17,-0.357662
2022-06-18,-0.149716
2022-06-19,-0.321316
2022-06-20,-0.328836
2022-06-21,-0.248066
2022-06-22,-0.060878
2022-06-23,-0.436542
2022-06-24,-0.229308
2022-06-25,-0.252627
2022-06-26,-0.084831
2022-06-27,-0.013459
2022-06-28,-0.487196
2022-06-29,-0.347493
2022-06-30,0.084763
2022-07-01,-0.179912
2022-07-02,-0.351044
2022-07-03,-0.48835
2022-07-04,-0.765979
2022-07-05,-0.466589
2022-07-06,-0.200496
2022-07-07,-0.219918
2022-07-08,-0.081388
2022-07-09,-0.286546
2022-07-10,-0.146243
2022-07-11,-0.14059
2022-07-12,-0.171376
2022-07-13,-0.206849
2022-07-14,-0.518004
2022-07-15,-0.186871
2022-07-16,-0.047494
2022-07-17,-0.570739
2022-07-18,-0.556713
2022-07-19,0.05177
2022-07-20,-0.35751
2022-07-21,0.002516
2022-07-22,-0.235305
2022-07-23,-0.265657
2022-07-24,-0.018793
2022-07-25,-0.138452
2022-07-26,-0.259695
2022-07-27,-0.481422
2022-07-28,0.215138
2022-07-29,-0.623256
2022-07-30,-0.461076
2022-07-31,-0.282475
2022-08-01,-0.064697
2022-08-02,-0.054093
2022-08-03,-0.245615
2022-08-04,-0.475112
2022-08-05,-0.515087
2022-08-06,-0.219002
2022-08-07,-0.174614
2022-08-08,-0.209342
2022-08-09,-0.07437
2022-08-10,-0.226369
2022-08-11,-0.488777
2022-08-12,0.009625
2022-08-13,-0.549253
2022-08-14,-0.270945
2022-08-15,-0.313799
2022-08-16,0.181163
2022-08-17,-0.350693
2022-08-18,-0.232748
2022-08-19,-0.197719
2022-08-20,-0.251723
2022-08-21,-0.109686
2022-08-22,-0.593588
2022-08-23,-0.095904
2022-08-24,-0.03619
2022-08-25,-0.458091
2022-08-26,-0.229335
2022-08-27,-0.613395
2022-08-28,-0.417061
2022-08-29,-0.371411
2022-08-30,-0.383011
2022-08-31,-0.190831
2022-09-01,-0.279272
2022-09-02,-0.260082
2022-09-03,-0.472698
2022-09-04,-0.513222
2022-09-05,-0.500735
2022-09-06,-0.071077
2022-09-07,-0.571488
2022-09-08,-0.376299
2022-09-09,0.206822
2022-09-10,-0.408695
2022-09-11,-0.096053
2022-09-12,-0.106843
2022-09-13,-0.378665
2022-09-14,-0.406229
2022-09-15,-0.089277
2022-09-16,-0.228055
2022-09-17,-0.411895
2022-09-18,-0.390447
2022-09-19,-0.228555
2022-09-20,0.13049
2022-09-21,-0.44104
2022-09-22,-0.393492
2022-09-23,-0.218737
